,Product Name,Prices,Ratings,Description
0,"('vivo T2 Pro 5G (Dune Gold, 256 GB)',)","₹27,999",4.5,8 GB RAM | 256 GB ROM17.22 cm (6.78 inch) Full HD+ Display64MP + 2MP | 16MP Front Camera4600 mAh BatteryDimensity 7200 Processor1 Year Manufacturer Warranty for Phone and 6 Months Warranty for In the Box Accessories
1,"('vivo T2 Pro 5G (New Moon Black, 256 GB)',)","₹27,999",4.5,8 GB RAM | 256 GB ROM17.22 cm (6.78 inch) Full HD+ Display64MP + 2MP | 16MP Front Camera4600 mAh BatteryDimensity 7200 Processor1 Year Manufacturer Warranty for Phone and 6 Months Warranty for In the Box Accessories
2,"('vivo T2 Pro 5G (New Moon Black, 128 GB)',)","₹26,999",4.5,8 GB RAM | 128 GB ROM17.22 cm (6.78 inch) Full HD+ Display64MP + 2MP | 16MP Front Camera4600 mAh BatteryDimensity 7200 Processor1 Year Manufacturer Warranty for Phone and 6 Months Warranty for In the Box Accessories
3,"('Nothing Phone (2a) 5G (Black, 256 GB)',)","₹29,999",4.4,12 GB RAM | 256 GB ROM17.02 cm (6.7 inch) Full HD+ Display50MP (OIS) + 50MP | 32MP Front Camera5000 mAh BatteryDimensity 7200 Pro Processor1 Year Manufacturing Warranty
4,"('Nothing Phone (2a) 5G (White, 256 GB)',)","₹29,999",4.4,12 GB RAM | 256 GB ROM17.02 cm (6.7 inch) Full HD+ Display50MP (OIS) + 50MP | 32MP Front Camera5000 mAh BatteryDimensity 7200 Pro Processor1 Year Manufacturing Warranty
5,"('Nothing Phone (2a) 5G (Black, 256 GB)',)","₹27,999",4.4,8 GB RAM | 256 GB ROM17.02 cm (6.7 inch) Full HD+ Display50MP (OIS) + 50MP | 32MP Front Camera5000 mAh BatteryDimensity 7200 Pro Processor1 Year Manufacturing Warranty
6,"('Nothing Phone (2a) 5G (White, 256 GB)',)","₹27,999",4.4,8 GB RAM | 256 GB ROM17.02 cm (6.7 inch) Full HD+ Display50MP (OIS) + 50MP | 32MP Front Camera5000 mAh BatteryDimensity 7200 Pro Processor1 Year Manufacturing Warranty
7,"('Nothing Phone (2a) 5G (Blue, 256 GB)',)","₹29,999",4.4,12 GB RAM | 256 GB ROM17.02 cm (6.7 inch) Full HD+ Display50MP (OIS) + 50MP | 32MP Front Camera5000 mAh BatteryDimensity 7200 Pro Processor1 Year Manufacturing Warranty
8,"('REDMI Note 13 Pro 5G (Arctic White, 128 GB)',)","₹28,999",4.3,8 GB RAM | 128 GB ROM16.94 cm (6.67 inch) Display200MP (OIS) + 8MP + 2MP | 16MP Front Camera5100 mAh Battery7s Gen 2 Mobile Platform 5G Processor1 Year Manufacturer Warranty for Phone and 6 Months Warranty for In the Box Accessories
9,"('realme 12 Pro 5G (Submarine Blue, 256 GB)',)","₹31,999",4.4,8 GB RAM | 256 GB ROM17.02 cm (6.7 inch) Full HD+ Display50MP + 8MP + 32MP | 16MP Front Camera5000 mAh BatterySnapdragon 6 Gen 1 Processor1 Year Manufacturer Warranty for Device and 6 Months Manufacturer Warranty for Inbox Accessories
10,"('realme 12 Pro 5G (Navigator Beige, 256 GB)',)","₹31,999",4.4,8 GB RAM | 256 GB ROM17.02 cm (6.7 inch) Full HD+ Display50MP + 8MP + 32MP | 16MP Front Camera5000 mAh BatterySnapdragon 6 Gen 1 Processor1 Year Manufacturer Warranty for Device and 6 Months Manufacturer Warranty for Inbox Accessories
11,"('OnePlus Nord CE4 (Dark Chrome, 256 GB)',)","₹26,999",4.5,8 GB RAM | 256 GB ROM17.02 cm (6.7 inch) Display50MP Rear Camera5500 mAh BatteryOxygenOS 14.0 ProcessorDomestic Warranty 1 Year For Handset And 6 month For Accessories.
12,"('POCO X6 Pro 5G (Yellow, 512 GB)',)","₹32,999",4.3,12 GB RAM | 512 GB ROM16.94 cm (6.67 inch) Display64MP + 8MP + 2MP | 16MP Front Camera5000 mAh BatteryDimensity D8300 Ultra Processor1 Year Manufacturer Warranty for Phone and 6 Months Warranty for In the Box Accessories
13,"('POCO X6 Pro 5G (Spectre Black, 512 GB)',)","₹32,999",4.3,12 GB RAM | 512 GB ROM16.94 cm (6.67 inch) Display64MP + 8MP + 2MP | 16MP Front Camera5000 mAh BatteryDimensity D8300 Ultra Processor1 Year Manufacturer Warranty for Phone and 6 Months Warranty for In the Box Accessories
14,"('POCO X6 Pro 5G (Racing Grey, 512 GB)',)","₹32,999",4.3,12 GB RAM | 512 GB ROM16.94 cm (6.67 inch) Display64MP + 8MP + 2MP | 16MP Front Camera5000 mAh BatteryDimensity D8300 Ultra Processor1 Year Manufacturer Warranty for Phone and 6 Months Warranty for In the Box Accessories
15,"('OnePlus Nord 3 5G (Tempest Gray, 128 GB)',)","₹33,999",4.3,8 GB RAM | 128 GB ROM17.12 cm (6.74 inch) Full HD+ Display50MP Rear Camera5000 mAh BatteryDomestic 1 Year of Device & 6 Months for In-Box Accessories
16,"('Nothing Phone (2a) 5G (Blue, 256 GB)',)","₹27,999",4.4,8 GB RAM | 256 GB ROM17.02 cm (6.7 inch) Full HD+ Display50MP (OIS) + 50MP | 32MP Front Camera5000 mAh BatteryDimensity 7200 Pro Processor1 Year Manufacturing Warranty
17,"('REDMI Note 13 Pro 5G (Coral Purple, 128 GB)',)","₹28,999",4.3,8 GB RAM | 128 GB ROM16.94 cm (6.67 inch) Display200MP (OIS) + 8MP + 2MP | 16MP Front Camera5100 mAh Battery7s Gen 2 Mobile Platform 5G Processor1 Year Manufacturer Warranty for Phone and 6 Months Warranty for In the Box Accessories
18,"('OnePlus Nord 3 5G (Misty Green, 128 GB)',)","₹33,999",4.3,8 GB RAM | 128 GB ROM17.12 cm (6.74 inch) Display50MP Rear Camera5000 mAh BatteryDomestic 1 Year of Device & 6 Months for In-Box Accessories
19,"('Infinix GT 20 Pro (Mecha Blue, 256 GB)',)","₹34,999",4.3,12 GB RAM | 256 GB ROM17.22 cm (6.78 inch) Full HD+ Display108MP (OIS) + 2MP + 2MP | 32MP Front Camera5000 mAh BatteryDimensity 8200 Ultimate Processor1 Year Warranty
20,"('Infinix GT 20 Pro (Mecha Orange, 256 GB)',)","₹34,999",4.3,12 GB RAM | 256 GB ROM17.22 cm (6.78 inch) Full HD+ Display108MP (OIS) + 2MP + 2MP | 32MP Front Camera5000 mAh BatteryDimensity 8200 Ultimate Processor1 Year Warranty
21,"('realme Narzo 70 Pro 5G (Glass Gold, 256 GB)',)","₹26,999",4.3,8 GB RAM | 256 GB ROM16.94 cm (6.67 inch) Display50MP Rear Camera5000 mAh Battery1 Year Domestic Warranty for Phone and 6 Months Warranty for In-Box Accessories
22,"('REDMI Note 13 Pro 5G (Midnight Black, 128 GB)',)","₹28,999",4.3,8 GB RAM | 128 GB ROM16.94 cm (6.67 inch) Display200MP (OIS) + 8MP + 2MP | 16MP Front Camera5100 mAh Battery7s Gen 2 Mobile Platform 5G Processor1 Year Manufacturer Warranty for Phone and 6 Months Warranty for In the Box Accessories
23,"('realme Narzo 70 Pro 5G (Glass Green, 256 GB)',)","₹26,999",4.3,8 GB RAM | 256 GB ROM16.94 cm (6.67 inch) Display50MP Rear Camera5000 mAh Battery1 Year Domestic Warranty for Phone and 6 Months Warranty for In-Box Accessories
24,"('vivo T2 Pro 5G (Dune Gold, 256 GB)',)","₹27,999",4.5,8 GB RAM | 256 GB ROM17.22 cm (6.78 inch) Full HD+ Display64MP + 2MP | 16MP Front Camera4600 mAh BatteryDimensity 7200 Processor1 Year Manufacturer Warranty for Phone and 6 Months Warranty for In the Box Accessories
25,"('vivo T2 Pro 5G (New Moon Black, 256 GB)',)","₹27,999",4.5,8 GB RAM | 256 GB ROM17.22 cm (6.78 inch) Full HD+ Display64MP + 2MP | 16MP Front Camera4600 mAh BatteryDimensity 7200 Processor1 Year Manufacturer Warranty for Phone and 6 Months Warranty for In the Box Accessories
26,"('vivo T2 Pro 5G (New Moon Black, 128 GB)',)","₹26,999",4.5,8 GB RAM | 128 GB ROM17.22 cm (6.78 inch) Full HD+ Display64MP + 2MP | 16MP Front Camera4600 mAh BatteryDimensity 7200 Processor1 Year Manufacturer Warranty for Phone and 6 Months Warranty for In the Box Accessories
27,"('Nothing Phone (2a) 5G (Black, 256 GB)',)","₹29,999",4.4,12 GB RAM | 256 GB ROM17.02 cm (6.7 inch) Full HD+ Display50MP (OIS) + 50MP | 32MP Front Camera5000 mAh BatteryDimensity 7200 Pro Processor1 Year Manufacturing Warranty
28,"('Nothing Phone (2a) 5G (White, 256 GB)',)","₹29,999",4.4,12 GB RAM | 256 GB ROM17.02 cm (6.7 inch) Full HD+ Display50MP (OIS) + 50MP | 32MP Front Camera5000 mAh BatteryDimensity 7200 Pro Processor1 Year Manufacturing Warranty
29,"('Nothing Phone (2a) 5G (White, 256 GB)',)","₹27,999",4.4,8 GB RAM | 256 GB ROM17.02 cm (6.7 inch) Full HD+ Display50MP (OIS) + 50MP | 32MP Front Camera5000 mAh BatteryDimensity 7200 Pro Processor1 Year Manufacturing Warranty
30,"('Nothing Phone (2a) 5G (Black, 256 GB)',)","₹27,999",4.4,8 GB RAM | 256 GB ROM17.02 cm (6.7 inch) Full HD+ Display50MP (OIS) + 50MP | 32MP Front Camera5000 mAh BatteryDimensity 7200 Pro Processor1 Year Manufacturing Warranty
31,"('Nothing Phone (2a) 5G (Blue, 256 GB)',)","₹29,999",4.4,12 GB RAM | 256 GB ROM17.02 cm (6.7 inch) Full HD+ Display50MP (OIS) + 50MP | 32MP Front Camera5000 mAh BatteryDimensity 7200 Pro Processor1 Year Manufacturing Warranty
32,"('REDMI Note 13 Pro 5G (Coral Purple, 128 GB)',)","₹28,999",4.3,8 GB RAM | 128 GB ROM16.94 cm (6.67 inch) Display200MP (OIS) + 8MP + 2MP | 16MP Front Camera5100 mAh Battery7s Gen 2 Mobile Platform 5G Processor1 Year Manufacturer Warranty for Phone and 6 Months Warranty for In the Box Accessories
33,"('REDMI Note 13 Pro 5G (Midnight Black, 128 GB)',)","₹28,999",4.3,8 GB RAM | 128 GB ROM16.94 cm (6.67 inch) Display200MP (OIS) + 8MP + 2MP | 16MP Front Camera5100 mAh Battery7s Gen 2 Mobile Platform 5G Processor1 Year Manufacturer Warranty for Phone and 6 Months Warranty for In the Box Accessories
34,"('REDMI Note 13 Pro 5G (Arctic White, 128 GB)',)","₹28,999",4.3,8 GB RAM | 128 GB ROM16.94 cm (6.67 inch) Display200MP (OIS) + 8MP + 2MP | 16MP Front Camera5100 mAh Battery7s Gen 2 Mobile Platform 5G Processor1 Year Manufacturer Warranty for Phone and 6 Months Warranty for In the Box Accessories
35,"('realme 12 Pro 5G (Submarine Blue, 256 GB)',)","₹31,999",4.4,8 GB RAM | 256 GB ROM17.02 cm (6.7 inch) Full HD+ Display50MP + 8MP + 32MP | 16MP Front Camera5000 mAh BatterySnapdragon 6 Gen 1 Processor1 Year Manufacturer Warranty for Device and 6 Months Manufacturer Warranty for Inbox Accessories
36,"('realme 12 Pro 5G (Navigator Beige, 256 GB)',)","₹31,999",4.4,8 GB RAM | 256 GB ROM17.02 cm (6.7 inch) Full HD+ Display50MP + 8MP + 32MP | 16MP Front Camera5000 mAh BatterySnapdragon 6 Gen 1 Processor1 Year Manufacturer Warranty for Device and 6 Months Manufacturer Warranty for Inbox Accessories
37,"('OnePlus Nord CE4 (Dark Chrome, 256 GB)',)","₹26,999",4.5,8 GB RAM | 256 GB ROM17.02 cm (6.7 inch) Display50MP Rear Camera5500 mAh BatteryOxygenOS 14.0 ProcessorDomestic Warranty 1 Year For Handset And 6 month For Accessories.
38,"('POCO X6 Pro 5G (Yellow, 512 GB)',)","₹32,999",4.3,12 GB RAM | 512 GB ROM16.94 cm (6.67 inch) Display64MP + 8MP + 2MP | 16MP Front Camera5000 mAh BatteryDimensity D8300 Ultra Processor1 Year Manufacturer Warranty for Phone and 6 Months Warranty for In the Box Accessories
39,"('realme Narzo 70 Pro 5G (Glass Gold, 256 GB)',)","₹26,999",4.3,8 GB RAM | 256 GB ROM16.94 cm (6.67 inch) Display50MP Rear Camera5000 mAh Battery1 Year Domestic Warranty for Phone and 6 Months Warranty for In-Box Accessories
40,"('POCO X6 Pro 5G (Spectre Black, 512 GB)',)","₹32,999",4.3,12 GB RAM | 512 GB ROM16.94 cm (6.67 inch) Display64MP + 8MP + 2MP | 16MP Front Camera5000 mAh BatteryDimensity D8300 Ultra Processor1 Year Manufacturer Warranty for Phone and 6 Months Warranty for In the Box Accessories
41,"('POCO X6 Pro 5G (Racing Grey, 512 GB)',)","₹32,999",4.3,12 GB RAM | 512 GB ROM16.94 cm (6.67 inch) Display64MP + 8MP + 2MP | 16MP Front Camera5000 mAh BatteryDimensity D8300 Ultra Processor1 Year Manufacturer Warranty for Phone and 6 Months Warranty for In the Box Accessories
42,"('realme Narzo 70 Pro 5G (Glass Green, 256 GB)',)","₹26,999",4.3,8 GB RAM | 256 GB ROM16.94 cm (6.67 inch) Display50MP Rear Camera5000 mAh Battery1 Year Domestic Warranty for Phone and 6 Months Warranty for In-Box Accessories
43,"('Nothing Phone (2a) 5G (Blue, 256 GB)',)","₹27,999",4.4,8 GB RAM | 256 GB ROM17.02 cm (6.7 inch) Full HD+ Display50MP (OIS) + 50MP | 32MP Front Camera5000 mAh BatteryDimensity 7200 Pro Processor1 Year Manufacturing Warranty
44,"('Infinix GT 20 Pro (Mecha Orange, 256 GB)',)","₹34,999",4.3,12 GB RAM | 256 GB ROM17.22 cm (6.78 inch) Full HD+ Display108MP (OIS) + 2MP + 2MP | 32MP Front Camera5000 mAh BatteryDimensity 8200 Ultimate Processor1 Year Warranty
45,"('Infinix GT 20 Pro (Mecha Blue, 256 GB)',)","₹34,999",4.3,12 GB RAM | 256 GB ROM17.22 cm (6.78 inch) Full HD+ Display108MP (OIS) + 2MP + 2MP | 32MP Front Camera5000 mAh BatteryDimensity 8200 Ultimate Processor1 Year Warranty
46,"('OnePlus Nord 3 5G (Misty Green, 128 GB)',)","₹33,999",4.3,8 GB RAM | 128 GB ROM17.12 cm (6.74 inch) Display50MP Rear Camera5000 mAh BatteryDomestic 1 Year of Device & 6 Months for In-Box Accessories
47,"('REDMI Note 13 Pro 5G (Coral Purple, 256 GB)',)","₹30,999",4.3,8 GB RAM | 256 GB ROM16.94 cm (6.67 inch) Display200MP (OIS) + 8MP + 2MP | 16MP Front Camera5100 mAh Battery7s Gen 2 Mobile Platform 5G Processor1 Year Manufacturer Warranty for Phone and 6 Months Warranty for In the Box Accessories
48,"('vivo T2 Pro 5G (Dune Gold, 256 GB)',)","₹27,999",4.5,8 GB RAM | 256 GB ROM17.22 cm (6.78 inch) Full HD+ Display64MP + 2MP | 16MP Front Camera4600 mAh BatteryDimensity 7200 Processor1 Year Manufacturer Warranty for Phone and 6 Months Warranty for In the Box Accessories
49,"('vivo T2 Pro 5G (New Moon Black, 256 GB)',)","₹27,999",4.5,8 GB RAM | 256 GB ROM17.22 cm (6.78 inch) Full HD+ Display64MP + 2MP | 16MP Front Camera4600 mAh BatteryDimensity 7200 Processor1 Year Manufacturer Warranty for Phone and 6 Months Warranty for In the Box Accessories
50,"('vivo T2 Pro 5G (New Moon Black, 128 GB)',)","₹26,999",4.5,8 GB RAM | 128 GB ROM17.22 cm (6.78 inch) Full HD+ Display64MP + 2MP | 16MP Front Camera4600 mAh BatteryDimensity 7200 Processor1 Year Manufacturer Warranty for Phone and 6 Months Warranty for In the Box Accessories
51,"('Nothing Phone (2a) 5G (Black, 256 GB)',)","₹29,999",4.4,12 GB RAM | 256 GB ROM17.02 cm (6.7 inch) Full HD+ Display50MP (OIS) + 50MP | 32MP Front Camera5000 mAh BatteryDimensity 7200 Pro Processor1 Year Manufacturing Warranty
52,"('Nothing Phone (2a) 5G (White, 256 GB)',)","₹29,999",4.4,12 GB RAM | 256 GB ROM17.02 cm (6.7 inch) Full HD+ Display50MP (OIS) + 50MP | 32MP Front Camera5000 mAh BatteryDimensity 7200 Pro Processor1 Year Manufacturing Warranty
53,"('Nothing Phone (2a) 5G (White, 256 GB)',)","₹27,999",4.4,8 GB RAM | 256 GB ROM17.02 cm (6.7 inch) Full HD+ Display50MP (OIS) + 50MP | 32MP Front Camera5000 mAh BatteryDimensity 7200 Pro Processor1 Year Manufacturing Warranty
54,"('Nothing Phone (2a) 5G (Black, 256 GB)',)","₹27,999",4.4,8 GB RAM | 256 GB ROM17.02 cm (6.7 inch) Full HD+ Display50MP (OIS) + 50MP | 32MP Front Camera5000 mAh BatteryDimensity 7200 Pro Processor1 Year Manufacturing Warranty
55,"('Nothing Phone (2a) 5G (Blue, 256 GB)',)","₹29,999",4.4,12 GB RAM | 256 GB ROM17.02 cm (6.7 inch) Full HD+ Display50MP (OIS) + 50MP | 32MP Front Camera5000 mAh BatteryDimensity 7200 Pro Processor1 Year Manufacturing Warranty
56,"('REDMI Note 13 Pro 5G (Coral Purple, 128 GB)',)","₹28,999",4.3,8 GB RAM | 128 GB ROM16.94 cm (6.67 inch) Display200MP (OIS) + 8MP + 2MP | 16MP Front Camera5100 mAh Battery7s Gen 2 Mobile Platform 5G Processor1 Year Manufacturer Warranty for Phone and 6 Months Warranty for In the Box Accessories
57,"('REDMI Note 13 Pro 5G (Midnight Black, 128 GB)',)","₹28,999",4.3,8 GB RAM | 128 GB ROM16.94 cm (6.67 inch) Display200MP (OIS) + 8MP + 2MP | 16MP Front Camera5100 mAh Battery7s Gen 2 Mobile Platform 5G Processor1 Year Manufacturer Warranty for Phone and 6 Months Warranty for In the Box Accessories
58,"('REDMI Note 13 Pro 5G (Arctic White, 128 GB)',)","₹28,999",4.3,8 GB RAM | 128 GB ROM16.94 cm (6.67 inch) Display200MP (OIS) + 8MP + 2MP | 16MP Front Camera5100 mAh Battery7s Gen 2 Mobile Platform 5G Processor1 Year Manufacturer Warranty for Phone and 6 Months Warranty for In the Box Accessories
59,"('realme 12 Pro 5G (Submarine Blue, 256 GB)',)","₹31,999",4.4,8 GB RAM | 256 GB ROM17.02 cm (6.7 inch) Full HD+ Display50MP + 8MP + 32MP | 16MP Front Camera5000 mAh BatterySnapdragon 6 Gen 1 Processor1 Year Manufacturer Warranty for Device and 6 Months Manufacturer Warranty for Inbox Accessories
60,"('realme 12 Pro 5G (Navigator Beige, 256 GB)',)","₹31,999",4.4,8 GB RAM | 256 GB ROM17.02 cm (6.7 inch) Full HD+ Display50MP + 8MP + 32MP | 16MP Front Camera5000 mAh BatterySnapdragon 6 Gen 1 Processor1 Year Manufacturer Warranty for Device and 6 Months Manufacturer Warranty for Inbox Accessories
61,"('OnePlus Nord CE4 (Dark Chrome, 256 GB)',)","₹26,999",4.5,8 GB RAM | 256 GB ROM17.02 cm (6.7 inch) Display50MP Rear Camera5500 mAh BatteryOxygenOS 14.0 ProcessorDomestic Warranty 1 Year For Handset And 6 month For Accessories.
62,"('POCO X6 Pro 5G (Yellow, 512 GB)',)","₹32,999",4.3,12 GB RAM | 512 GB ROM16.94 cm (6.67 inch) Display64MP + 8MP + 2MP | 16MP Front Camera5000 mAh BatteryDimensity D8300 Ultra Processor1 Year Manufacturer Warranty for Phone and 6 Months Warranty for In the Box Accessories
63,"('realme Narzo 70 Pro 5G (Glass Gold, 256 GB)',)","₹26,999",4.3,8 GB RAM | 256 GB ROM16.94 cm (6.67 inch) Display50MP Rear Camera5000 mAh Battery1 Year Domestic Warranty for Phone and 6 Months Warranty for In-Box Accessories
64,"('POCO X6 Pro 5G (Spectre Black, 512 GB)',)","₹32,999",4.3,12 GB RAM | 512 GB ROM16.94 cm (6.67 inch) Display64MP + 8MP + 2MP | 16MP Front Camera5000 mAh BatteryDimensity D8300 Ultra Processor1 Year Manufacturer Warranty for Phone and 6 Months Warranty for In the Box Accessories
65,"('POCO X6 Pro 5G (Racing Grey, 512 GB)',)","₹32,999",4.3,12 GB RAM | 512 GB ROM16.94 cm (6.67 inch) Display64MP + 8MP + 2MP | 16MP Front Camera5000 mAh BatteryDimensity D8300 Ultra Processor1 Year Manufacturer Warranty for Phone and 6 Months Warranty for In the Box Accessories
66,"('realme Narzo 70 Pro 5G (Glass Green, 256 GB)',)","₹26,999",4.3,8 GB RAM | 256 GB ROM16.94 cm (6.67 inch) Display50MP Rear Camera5000 mAh Battery1 Year Domestic Warranty for Phone and 6 Months Warranty for In-Box Accessories
67,"('Nothing Phone (2a) 5G (Blue, 256 GB)',)","₹27,999",4.4,8 GB RAM | 256 GB ROM17.02 cm (6.7 inch) Full HD+ Display50MP (OIS) + 50MP | 32MP Front Camera5000 mAh BatteryDimensity 7200 Pro Processor1 Year Manufacturing Warranty
68,"('Infinix GT 20 Pro (Mecha Orange, 256 GB)',)","₹34,999",4.3,12 GB RAM | 256 GB ROM17.22 cm (6.78 inch) Full HD+ Display108MP (OIS) + 2MP + 2MP | 32MP Front Camera5000 mAh BatteryDimensity 8200 Ultimate Processor1 Year Warranty
69,"('Infinix GT 20 Pro (Mecha Blue, 256 GB)',)","₹34,999",4.3,12 GB RAM | 256 GB ROM17.22 cm (6.78 inch) Full HD+ Display108MP (OIS) + 2MP + 2MP | 32MP Front Camera5000 mAh BatteryDimensity 8200 Ultimate Processor1 Year Warranty
70,"('OnePlus Nord 3 5G (Misty Green, 128 GB)',)","₹33,999",4.3,8 GB RAM | 128 GB ROM17.12 cm (6.74 inch) Display50MP Rear Camera5000 mAh BatteryDomestic 1 Year of Device & 6 Months for In-Box Accessories
71,"('REDMI Note 13 Pro 5G (Coral Purple, 256 GB)',)","₹30,999",4.3,8 GB RAM | 256 GB ROM16.94 cm (6.67 inch) Display200MP (OIS) + 8MP + 2MP | 16MP Front Camera5100 mAh Battery7s Gen 2 Mobile Platform 5G Processor1 Year Manufacturer Warranty for Phone and 6 Months Warranty for In the Box Accessories
72,"('vivo T2 Pro 5G (Dune Gold, 256 GB)',)","₹27,999",4.5,8 GB RAM | 256 GB ROM17.22 cm (6.78 inch) Full HD+ Display64MP + 2MP | 16MP Front Camera4600 mAh BatteryDimensity 7200 Processor1 Year Manufacturer Warranty for Phone and 6 Months Warranty for In the Box Accessories
73,"('vivo T2 Pro 5G (New Moon Black, 256 GB)',)","₹27,999",4.5,8 GB RAM | 256 GB ROM17.22 cm (6.78 inch) Full HD+ Display64MP + 2MP | 16MP Front Camera4600 mAh BatteryDimensity 7200 Processor1 Year Manufacturer Warranty for Phone and 6 Months Warranty for In the Box Accessories
74,"('vivo T2 Pro 5G (New Moon Black, 128 GB)',)","₹26,999",4.5,8 GB RAM | 128 GB ROM17.22 cm (6.78 inch) Full HD+ Display64MP + 2MP | 16MP Front Camera4600 mAh BatteryDimensity 7200 Processor1 Year Manufacturer Warranty for Phone and 6 Months Warranty for In the Box Accessories
75,"('Nothing Phone (2a) 5G (Black, 256 GB)',)","₹29,999",4.4,12 GB RAM | 256 GB ROM17.02 cm (6.7 inch) Full HD+ Display50MP (OIS) + 50MP | 32MP Front Camera5000 mAh BatteryDimensity 7200 Pro Processor1 Year Manufacturing Warranty
76,"('Nothing Phone (2a) 5G (White, 256 GB)',)","₹29,999",4.4,12 GB RAM | 256 GB ROM17.02 cm (6.7 inch) Full HD+ Display50MP (OIS) + 50MP | 32MP Front Camera5000 mAh BatteryDimensity 7200 Pro Processor1 Year Manufacturing Warranty
77,"('Nothing Phone (2a) 5G (Black, 256 GB)',)","₹27,999",4.4,8 GB RAM | 256 GB ROM17.02 cm (6.7 inch) Full HD+ Display50MP (OIS) + 50MP | 32MP Front Camera5000 mAh BatteryDimensity 7200 Pro Processor1 Year Manufacturing Warranty
78,"('Nothing Phone (2a) 5G (White, 256 GB)',)","₹27,999",4.4,8 GB RAM | 256 GB ROM17.02 cm (6.7 inch) Full HD+ Display50MP (OIS) + 50MP | 32MP Front Camera5000 mAh BatteryDimensity 7200 Pro Processor1 Year Manufacturing Warranty
79,"('Nothing Phone (2a) 5G (Blue, 256 GB)',)","₹29,999",4.4,12 GB RAM | 256 GB ROM17.02 cm (6.7 inch) Full HD+ Display50MP (OIS) + 50MP | 32MP Front Camera5000 mAh BatteryDimensity 7200 Pro Processor1 Year Manufacturing Warranty
80,"('REDMI Note 13 Pro 5G (Arctic White, 128 GB)',)","₹28,999",4.3,8 GB RAM | 128 GB ROM16.94 cm (6.67 inch) Display200MP (OIS) + 8MP + 2MP | 16MP Front Camera5100 mAh Battery7s Gen 2 Mobile Platform 5G Processor1 Year Manufacturer Warranty for Phone and 6 Months Warranty for In the Box Accessories
81,"('realme 12 Pro 5G (Submarine Blue, 256 GB)',)","₹31,999",4.4,8 GB RAM | 256 GB ROM17.02 cm (6.7 inch) Full HD+ Display50MP + 8MP + 32MP | 16MP Front Camera5000 mAh BatterySnapdragon 6 Gen 1 Processor1 Year Manufacturer Warranty for Device and 6 Months Manufacturer Warranty for Inbox Accessories
82,"('realme 12 Pro 5G (Navigator Beige, 256 GB)',)","₹31,999",4.4,8 GB RAM | 256 GB ROM17.02 cm (6.7 inch) Full HD+ Display50MP + 8MP + 32MP | 16MP Front Camera5000 mAh BatterySnapdragon 6 Gen 1 Processor1 Year Manufacturer Warranty for Device and 6 Months Manufacturer Warranty for Inbox Accessories
83,"('OnePlus Nord CE4 (Dark Chrome, 256 GB)',)","₹26,999",4.5,8 GB RAM | 256 GB ROM17.02 cm (6.7 inch) Display50MP Rear Camera5500 mAh BatteryOxygenOS 14.0 ProcessorDomestic Warranty 1 Year For Handset And 6 month For Accessories.
84,"('POCO X6 Pro 5G (Yellow, 512 GB)',)","₹32,999",4.3,12 GB RAM | 512 GB ROM16.94 cm (6.67 inch) Display64MP + 8MP + 2MP | 16MP Front Camera5000 mAh BatteryDimensity D8300 Ultra Processor1 Year Manufacturer Warranty for Phone and 6 Months Warranty for In the Box Accessories
85,"('POCO X6 Pro 5G (Spectre Black, 512 GB)',)","₹32,999",4.3,12 GB RAM | 512 GB ROM16.94 cm (6.67 inch) Display64MP + 8MP + 2MP | 16MP Front Camera5000 mAh BatteryDimensity D8300 Ultra Processor1 Year Manufacturer Warranty for Phone and 6 Months Warranty for In the Box Accessories
86,"('POCO X6 Pro 5G (Racing Grey, 512 GB)',)","₹32,999",4.3,12 GB RAM | 512 GB ROM16.94 cm (6.67 inch) Display64MP + 8MP + 2MP | 16MP Front Camera5000 mAh BatteryDimensity D8300 Ultra Processor1 Year Manufacturer Warranty for Phone and 6 Months Warranty for In the Box Accessories
87,"('OnePlus Nord 3 5G (Tempest Gray, 128 GB)',)","₹33,999",4.3,8 GB RAM | 128 GB ROM17.12 cm (6.74 inch) Full HD+ Display50MP Rear Camera5000 mAh BatteryDomestic 1 Year of Device & 6 Months for In-Box Accessories
88,"('Nothing Phone (2a) 5G (Blue, 256 GB)',)","₹27,999",4.4,8 GB RAM | 256 GB ROM17.02 cm (6.7 inch) Full HD+ Display50MP (OIS) + 50MP | 32MP Front Camera5000 mAh BatteryDimensity 7200 Pro Processor1 Year Manufacturing Warranty
89,"('REDMI Note 13 Pro 5G (Coral Purple, 128 GB)',)","₹28,999",4.3,8 GB RAM | 128 GB ROM16.94 cm (6.67 inch) Display200MP (OIS) + 8MP + 2MP | 16MP Front Camera5100 mAh Battery7s Gen 2 Mobile Platform 5G Processor1 Year Manufacturer Warranty for Phone and 6 Months Warranty for In the Box Accessories
90,"('OnePlus Nord 3 5G (Misty Green, 128 GB)',)","₹33,999",4.3,8 GB RAM | 128 GB ROM17.12 cm (6.74 inch) Display50MP Rear Camera5000 mAh BatteryDomestic 1 Year of Device & 6 Months for In-Box Accessories
91,"('Infinix GT 20 Pro (Mecha Blue, 256 GB)',)","₹34,999",4.3,12 GB RAM | 256 GB ROM17.22 cm (6.78 inch) Full HD+ Display108MP (OIS) + 2MP + 2MP | 32MP Front Camera5000 mAh BatteryDimensity 8200 Ultimate Processor1 Year Warranty
92,"('Infinix GT 20 Pro (Mecha Orange, 256 GB)',)","₹34,999",4.3,12 GB RAM | 256 GB ROM17.22 cm (6.78 inch) Full HD+ Display108MP (OIS) + 2MP + 2MP | 32MP Front Camera5000 mAh BatteryDimensity 8200 Ultimate Processor1 Year Warranty
93,"('realme Narzo 70 Pro 5G (Glass Gold, 256 GB)',)","₹26,999",4.3,8 GB RAM | 256 GB ROM16.94 cm (6.67 inch) Display50MP Rear Camera5000 mAh Battery1 Year Domestic Warranty for Phone and 6 Months Warranty for In-Box Accessories
94,"('REDMI Note 13 Pro 5G (Midnight Black, 128 GB)',)","₹28,999",4.3,8 GB RAM | 128 GB ROM16.94 cm (6.67 inch) Display200MP (OIS) + 8MP + 2MP | 16MP Front Camera5100 mAh Battery7s Gen 2 Mobile Platform 5G Processor1 Year Manufacturer Warranty for Phone and 6 Months Warranty for In the Box Accessories
95,"('realme Narzo 70 Pro 5G (Glass Green, 256 GB)',)","₹26,999",4.3,8 GB RAM | 256 GB ROM16.94 cm (6.67 inch) Display50MP Rear Camera5000 mAh Battery1 Year Domestic Warranty for Phone and 6 Months Warranty for In-Box Accessories
96,"('vivo T2 Pro 5G (Dune Gold, 256 GB)',)","₹27,999",4.5,8 GB RAM | 256 GB ROM17.22 cm (6.78 inch) Full HD+ Display64MP + 2MP | 16MP Front Camera4600 mAh BatteryDimensity 7200 Processor1 Year Manufacturer Warranty for Phone and 6 Months Warranty for In the Box Accessories
97,"('vivo T2 Pro 5G (New Moon Black, 256 GB)',)","₹27,999",4.5,8 GB RAM | 256 GB ROM17.22 cm (6.78 inch) Full HD+ Display64MP + 2MP | 16MP Front Camera4600 mAh BatteryDimensity 7200 Processor1 Year Manufacturer Warranty for Phone and 6 Months Warranty for In the Box Accessories
98,"('vivo T2 Pro 5G (New Moon Black, 128 GB)',)","₹26,999",4.5,8 GB RAM | 128 GB ROM17.22 cm (6.78 inch) Full HD+ Display64MP + 2MP | 16MP Front Camera4600 mAh BatteryDimensity 7200 Processor1 Year Manufacturer Warranty for Phone and 6 Months Warranty for In the Box Accessories
99,"('Nothing Phone (2a) 5G (Black, 256 GB)',)","₹29,999",4.4,12 GB RAM | 256 GB ROM17.02 cm (6.7 inch) Full HD+ Display50MP (OIS) + 50MP | 32MP Front Camera5000 mAh BatteryDimensity 7200 Pro Processor1 Year Manufacturing Warranty
100,"('Nothing Phone (2a) 5G (White, 256 GB)',)","₹29,999",4.4,12 GB RAM | 256 GB ROM17.02 cm (6.7 inch) Full HD+ Display50MP (OIS) + 50MP | 32MP Front Camera5000 mAh BatteryDimensity 7200 Pro Processor1 Year Manufacturing Warranty
101,"('Nothing Phone (2a) 5G (Black, 256 GB)',)","₹27,999",4.4,8 GB RAM | 256 GB ROM17.02 cm (6.7 inch) Full HD+ Display50MP (OIS) + 50MP | 32MP Front Camera5000 mAh BatteryDimensity 7200 Pro Processor1 Year Manufacturing Warranty
102,"('Nothing Phone (2a) 5G (White, 256 GB)',)","₹27,999",4.4,8 GB RAM | 256 GB ROM17.02 cm (6.7 inch) Full HD+ Display50MP (OIS) + 50MP | 32MP Front Camera5000 mAh BatteryDimensity 7200 Pro Processor1 Year Manufacturing Warranty
103,"('Nothing Phone (2a) 5G (Blue, 256 GB)',)","₹29,999",4.4,12 GB RAM | 256 GB ROM17.02 cm (6.7 inch) Full HD+ Display50MP (OIS) + 50MP | 32MP Front Camera5000 mAh BatteryDimensity 7200 Pro Processor1 Year Manufacturing Warranty
104,"('REDMI Note 13 Pro 5G (Arctic White, 128 GB)',)","₹28,999",4.3,8 GB RAM | 128 GB ROM16.94 cm (6.67 inch) Display200MP (OIS) + 8MP + 2MP | 16MP Front Camera5100 mAh Battery7s Gen 2 Mobile Platform 5G Processor1 Year Manufacturer Warranty for Phone and 6 Months Warranty for In the Box Accessories
105,"('realme 12 Pro 5G (Submarine Blue, 256 GB)',)","₹31,999",4.4,8 GB RAM | 256 GB ROM17.02 cm (6.7 inch) Full HD+ Display50MP + 8MP + 32MP | 16MP Front Camera5000 mAh BatterySnapdragon 6 Gen 1 Processor1 Year Manufacturer Warranty for Device and 6 Months Manufacturer Warranty for Inbox Accessories
106,"('realme 12 Pro 5G (Navigator Beige, 256 GB)',)","₹31,999",4.4,8 GB RAM | 256 GB ROM17.02 cm (6.7 inch) Full HD+ Display50MP + 8MP + 32MP | 16MP Front Camera5000 mAh BatterySnapdragon 6 Gen 1 Processor1 Year Manufacturer Warranty for Device and 6 Months Manufacturer Warranty for Inbox Accessories
107,"('OnePlus Nord CE4 (Dark Chrome, 256 GB)',)","₹26,999",4.5,8 GB RAM | 256 GB ROM17.02 cm (6.7 inch) Display50MP Rear Camera5500 mAh BatteryOxygenOS 14.0 ProcessorDomestic Warranty 1 Year For Handset And 6 month For Accessories.
108,"('POCO X6 Pro 5G (Yellow, 512 GB)',)","₹32,999",4.3,12 GB RAM | 512 GB ROM16.94 cm (6.67 inch) Display64MP + 8MP + 2MP | 16MP Front Camera5000 mAh BatteryDimensity D8300 Ultra Processor1 Year Manufacturer Warranty for Phone and 6 Months Warranty for In the Box Accessories
109,"('POCO X6 Pro 5G (Spectre Black, 512 GB)',)","₹32,999",4.3,12 GB RAM | 512 GB ROM16.94 cm (6.67 inch) Display64MP + 8MP + 2MP | 16MP Front Camera5000 mAh BatteryDimensity D8300 Ultra Processor1 Year Manufacturer Warranty for Phone and 6 Months Warranty for In the Box Accessories
110,"('POCO X6 Pro 5G (Racing Grey, 512 GB)',)","₹32,999",4.3,12 GB RAM | 512 GB ROM16.94 cm (6.67 inch) Display64MP + 8MP + 2MP | 16MP Front Camera5000 mAh BatteryDimensity D8300 Ultra Processor1 Year Manufacturer Warranty for Phone and 6 Months Warranty for In the Box Accessories
111,"('OnePlus Nord 3 5G (Tempest Gray, 128 GB)',)","₹33,999",4.3,8 GB RAM | 128 GB ROM17.12 cm (6.74 inch) Full HD+ Display50MP Rear Camera5000 mAh BatteryDomestic 1 Year of Device & 6 Months for In-Box Accessories
112,"('Nothing Phone (2a) 5G (Blue, 256 GB)',)","₹27,999",4.4,8 GB RAM | 256 GB ROM17.02 cm (6.7 inch) Full HD+ Display50MP (OIS) + 50MP | 32MP Front Camera5000 mAh BatteryDimensity 7200 Pro Processor1 Year Manufacturing Warranty
113,"('REDMI Note 13 Pro 5G (Coral Purple, 128 GB)',)","₹28,999",4.3,8 GB RAM | 128 GB ROM16.94 cm (6.67 inch) Display200MP (OIS) + 8MP + 2MP | 16MP Front Camera5100 mAh Battery7s Gen 2 Mobile Platform 5G Processor1 Year Manufacturer Warranty for Phone and 6 Months Warranty for In the Box Accessories
114,"('OnePlus Nord 3 5G (Misty Green, 128 GB)',)","₹33,999",4.3,8 GB RAM | 128 GB ROM17.12 cm (6.74 inch) Display50MP Rear Camera5000 mAh BatteryDomestic 1 Year of Device & 6 Months for In-Box Accessories
115,"('Infinix GT 20 Pro (Mecha Blue, 256 GB)',)","₹34,999",4.3,12 GB RAM | 256 GB ROM17.22 cm (6.78 inch) Full HD+ Display108MP (OIS) + 2MP + 2MP | 32MP Front Camera5000 mAh BatteryDimensity 8200 Ultimate Processor1 Year Warranty
116,"('Infinix GT 20 Pro (Mecha Orange, 256 GB)',)","₹34,999",4.3,12 GB RAM | 256 GB ROM17.22 cm (6.78 inch) Full HD+ Display108MP (OIS) + 2MP + 2MP | 32MP Front Camera5000 mAh BatteryDimensity 8200 Ultimate Processor1 Year Warranty
117,"('realme Narzo 70 Pro 5G (Glass Gold, 256 GB)',)","₹26,999",4.3,8 GB RAM | 256 GB ROM16.94 cm (6.67 inch) Display50MP Rear Camera5000 mAh Battery1 Year Domestic Warranty for Phone and 6 Months Warranty for In-Box Accessories
118,"('REDMI Note 13 Pro 5G (Midnight Black, 128 GB)',)","₹28,999",4.3,8 GB RAM | 128 GB ROM16.94 cm (6.67 inch) Display200MP (OIS) + 8MP + 2MP | 16MP Front Camera5100 mAh Battery7s Gen 2 Mobile Platform 5G Processor1 Year Manufacturer Warranty for Phone and 6 Months Warranty for In the Box Accessories
119,"('realme Narzo 70 Pro 5G (Glass Green, 256 GB)',)","₹26,999",4.3,8 GB RAM | 256 GB ROM16.94 cm (6.67 inch) Display50MP Rear Camera5000 mAh Battery1 Year Domestic Warranty for Phone and 6 Months Warranty for In-Box Accessories
120,"('vivo T2 Pro 5G (Dune Gold, 256 GB)',)","₹27,999",4.5,8 GB RAM | 256 GB ROM17.22 cm (6.78 inch) Full HD+ Display64MP + 2MP | 16MP Front Camera4600 mAh BatteryDimensity 7200 Processor1 Year Manufacturer Warranty for Phone and 6 Months Warranty for In the Box Accessories
121,"('vivo T2 Pro 5G (New Moon Black, 256 GB)',)","₹27,999",4.5,8 GB RAM | 256 GB ROM17.22 cm (6.78 inch) Full HD+ Display64MP + 2MP | 16MP Front Camera4600 mAh BatteryDimensity 7200 Processor1 Year Manufacturer Warranty for Phone and 6 Months Warranty for In the Box Accessories
122,"('vivo T2 Pro 5G (New Moon Black, 128 GB)',)","₹26,999",4.5,8 GB RAM | 128 GB ROM17.22 cm (6.78 inch) Full HD+ Display64MP + 2MP | 16MP Front Camera4600 mAh BatteryDimensity 7200 Processor1 Year Manufacturer Warranty for Phone and 6 Months Warranty for In the Box Accessories
123,"('Nothing Phone (2a) 5G (Black, 256 GB)',)","₹29,999",4.4,12 GB RAM | 256 GB ROM17.02 cm (6.7 inch) Full HD+ Display50MP (OIS) + 50MP | 32MP Front Camera5000 mAh BatteryDimensity 7200 Pro Processor1 Year Manufacturing Warranty
124,"('Nothing Phone (2a) 5G (White, 256 GB)',)","₹29,999",4.4,12 GB RAM | 256 GB ROM17.02 cm (6.7 inch) Full HD+ Display50MP (OIS) + 50MP | 32MP Front Camera5000 mAh BatteryDimensity 7200 Pro Processor1 Year Manufacturing Warranty
125,"('Nothing Phone (2a) 5G (White, 256 GB)',)","₹27,999",4.4,8 GB RAM | 256 GB ROM17.02 cm (6.7 inch) Full HD+ Display50MP (OIS) + 50MP | 32MP Front Camera5000 mAh BatteryDimensity 7200 Pro Processor1 Year Manufacturing Warranty
126,"('Nothing Phone (2a) 5G (Black, 256 GB)',)","₹27,999",4.4,8 GB RAM | 256 GB ROM17.02 cm (6.7 inch) Full HD+ Display50MP (OIS) + 50MP | 32MP Front Camera5000 mAh BatteryDimensity 7200 Pro Processor1 Year Manufacturing Warranty
127,"('Nothing Phone (2a) 5G (Blue, 256 GB)',)","₹29,999",4.4,12 GB RAM | 256 GB ROM17.02 cm (6.7 inch) Full HD+ Display50MP (OIS) + 50MP | 32MP Front Camera5000 mAh BatteryDimensity 7200 Pro Processor1 Year Manufacturing Warranty
128,"('REDMI Note 13 Pro 5G (Coral Purple, 128 GB)',)","₹28,999",4.3,8 GB RAM | 128 GB ROM16.94 cm (6.67 inch) Display200MP (OIS) + 8MP + 2MP | 16MP Front Camera5100 mAh Battery7s Gen 2 Mobile Platform 5G Processor1 Year Manufacturer Warranty for Phone and 6 Months Warranty for In the Box Accessories
129,"('REDMI Note 13 Pro 5G (Midnight Black, 128 GB)',)","₹28,999",4.3,8 GB RAM | 128 GB ROM16.94 cm (6.67 inch) Display200MP (OIS) + 8MP + 2MP | 16MP Front Camera5100 mAh Battery7s Gen 2 Mobile Platform 5G Processor1 Year Manufacturer Warranty for Phone and 6 Months Warranty for In the Box Accessories
130,"('REDMI Note 13 Pro 5G (Arctic White, 128 GB)',)","₹28,999",4.3,8 GB RAM | 128 GB ROM16.94 cm (6.67 inch) Display200MP (OIS) + 8MP + 2MP | 16MP Front Camera5100 mAh Battery7s Gen 2 Mobile Platform 5G Processor1 Year Manufacturer Warranty for Phone and 6 Months Warranty for In the Box Accessories
131,"('realme 12 Pro 5G (Submarine Blue, 256 GB)',)","₹31,999",4.4,8 GB RAM | 256 GB ROM17.02 cm (6.7 inch) Full HD+ Display50MP + 8MP + 32MP | 16MP Front Camera5000 mAh BatterySnapdragon 6 Gen 1 Processor1 Year Manufacturer Warranty for Device and 6 Months Manufacturer Warranty for Inbox Accessories
132,"('realme 12 Pro 5G (Navigator Beige, 256 GB)',)","₹31,999",4.4,8 GB RAM | 256 GB ROM17.02 cm (6.7 inch) Full HD+ Display50MP + 8MP + 32MP | 16MP Front Camera5000 mAh BatterySnapdragon 6 Gen 1 Processor1 Year Manufacturer Warranty for Device and 6 Months Manufacturer Warranty for Inbox Accessories
133,"('OnePlus Nord CE4 (Dark Chrome, 256 GB)',)","₹26,999",4.5,8 GB RAM | 256 GB ROM17.02 cm (6.7 inch) Display50MP Rear Camera5500 mAh BatteryOxygenOS 14.0 ProcessorDomestic Warranty 1 Year For Handset And 6 month For Accessories.
134,"('POCO X6 Pro 5G (Yellow, 512 GB)',)","₹32,999",4.3,12 GB RAM | 512 GB ROM16.94 cm (6.67 inch) Display64MP + 8MP + 2MP | 16MP Front Camera5000 mAh BatteryDimensity D8300 Ultra Processor1 Year Manufacturer Warranty for Phone and 6 Months Warranty for In the Box Accessories
135,"('realme Narzo 70 Pro 5G (Glass Gold, 256 GB)',)","₹26,999",4.3,8 GB RAM | 256 GB ROM16.94 cm (6.67 inch) Display50MP Rear Camera5000 mAh Battery1 Year Domestic Warranty for Phone and 6 Months Warranty for In-Box Accessories
136,"('POCO X6 Pro 5G (Spectre Black, 512 GB)',)","₹32,999",4.3,12 GB RAM | 512 GB ROM16.94 cm (6.67 inch) Display64MP + 8MP + 2MP | 16MP Front Camera5000 mAh BatteryDimensity D8300 Ultra Processor1 Year Manufacturer Warranty for Phone and 6 Months Warranty for In the Box Accessories
137,"('POCO X6 Pro 5G (Racing Grey, 512 GB)',)","₹32,999",4.3,12 GB RAM | 512 GB ROM16.94 cm (6.67 inch) Display64MP + 8MP + 2MP | 16MP Front Camera5000 mAh BatteryDimensity D8300 Ultra Processor1 Year Manufacturer Warranty for Phone and 6 Months Warranty for In the Box Accessories
138,"('realme Narzo 70 Pro 5G (Glass Green, 256 GB)',)","₹26,999",4.3,8 GB RAM | 256 GB ROM16.94 cm (6.67 inch) Display50MP Rear Camera5000 mAh Battery1 Year Domestic Warranty for Phone and 6 Months Warranty for In-Box Accessories
139,"('Nothing Phone (2a) 5G (Blue, 256 GB)',)","₹27,999",4.4,8 GB RAM | 256 GB ROM17.02 cm (6.7 inch) Full HD+ Display50MP (OIS) + 50MP | 32MP Front Camera5000 mAh BatteryDimensity 7200 Pro Processor1 Year Manufacturing Warranty
140,"('Infinix GT 20 Pro (Mecha Orange, 256 GB)',)","₹34,999",4.3,12 GB RAM | 256 GB ROM17.22 cm (6.78 inch) Full HD+ Display108MP (OIS) + 2MP + 2MP | 32MP Front Camera5000 mAh BatteryDimensity 8200 Ultimate Processor1 Year Warranty
141,"('Infinix GT 20 Pro (Mecha Blue, 256 GB)',)","₹34,999",4.3,12 GB RAM | 256 GB ROM17.22 cm (6.78 inch) Full HD+ Display108MP (OIS) + 2MP + 2MP | 32MP Front Camera5000 mAh BatteryDimensity 8200 Ultimate Processor1 Year Warranty
142,"('OnePlus Nord 3 5G (Misty Green, 128 GB)',)","₹33,999",4.3,8 GB RAM | 128 GB ROM17.12 cm (6.74 inch) Display50MP Rear Camera5000 mAh BatteryDomestic 1 Year of Device & 6 Months for In-Box Accessories
143,"('REDMI Note 13 Pro 5G (Coral Purple, 256 GB)',)","₹30,999",4.3,8 GB RAM | 256 GB ROM16.94 cm (6.67 inch) Display200MP (OIS) + 8MP + 2MP | 16MP Front Camera5100 mAh Battery7s Gen 2 Mobile Platform 5G Processor1 Year Manufacturer Warranty for Phone and 6 Months Warranty for In the Box Accessories
144,"('vivo T2 Pro 5G (Dune Gold, 256 GB)',)","₹27,999",4.5,8 GB RAM | 256 GB ROM17.22 cm (6.78 inch) Full HD+ Display64MP + 2MP | 16MP Front Camera4600 mAh BatteryDimensity 7200 Processor1 Year Manufacturer Warranty for Phone and 6 Months Warranty for In the Box Accessories
145,"('vivo T2 Pro 5G (New Moon Black, 256 GB)',)","₹27,999",4.5,8 GB RAM | 256 GB ROM17.22 cm (6.78 inch) Full HD+ Display64MP + 2MP | 16MP Front Camera4600 mAh BatteryDimensity 7200 Processor1 Year Manufacturer Warranty for Phone and 6 Months Warranty for In the Box Accessories
146,"('vivo T2 Pro 5G (New Moon Black, 128 GB)',)","₹26,999",4.5,8 GB RAM | 128 GB ROM17.22 cm (6.78 inch) Full HD+ Display64MP + 2MP | 16MP Front Camera4600 mAh BatteryDimensity 7200 Processor1 Year Manufacturer Warranty for Phone and 6 Months Warranty for In the Box Accessories
147,"('Nothing Phone (2a) 5G (Black, 256 GB)',)","₹29,999",4.4,12 GB RAM | 256 GB ROM17.02 cm (6.7 inch) Full HD+ Display50MP (OIS) + 50MP | 32MP Front Camera5000 mAh BatteryDimensity 7200 Pro Processor1 Year Manufacturing Warranty
148,"('Nothing Phone (2a) 5G (White, 256 GB)',)","₹29,999",4.4,12 GB RAM | 256 GB ROM17.02 cm (6.7 inch) Full HD+ Display50MP (OIS) + 50MP | 32MP Front Camera5000 mAh BatteryDimensity 7200 Pro Processor1 Year Manufacturing Warranty
149,"('Nothing Phone (2a) 5G (Black, 256 GB)',)","₹27,999",4.4,8 GB RAM | 256 GB ROM17.02 cm (6.7 inch) Full HD+ Display50MP (OIS) + 50MP | 32MP Front Camera5000 mAh BatteryDimensity 7200 Pro Processor1 Year Manufacturing Warranty
150,"('Nothing Phone (2a) 5G (White, 256 GB)',)","₹27,999",4.4,8 GB RAM | 256 GB ROM17.02 cm (6.7 inch) Full HD+ Display50MP (OIS) + 50MP | 32MP Front Camera5000 mAh BatteryDimensity 7200 Pro Processor1 Year Manufacturing Warranty
151,"('Nothing Phone (2a) 5G (Blue, 256 GB)',)","₹29,999",4.4,12 GB RAM | 256 GB ROM17.02 cm (6.7 inch) Full HD+ Display50MP (OIS) + 50MP | 32MP Front Camera5000 mAh BatteryDimensity 7200 Pro Processor1 Year Manufacturing Warranty
152,"('REDMI Note 13 Pro 5G (Arctic White, 128 GB)',)","₹28,999",4.3,8 GB RAM | 128 GB ROM16.94 cm (6.67 inch) Display200MP (OIS) + 8MP + 2MP | 16MP Front Camera5100 mAh Battery7s Gen 2 Mobile Platform 5G Processor1 Year Manufacturer Warranty for Phone and 6 Months Warranty for In the Box Accessories
153,"('realme 12 Pro 5G (Submarine Blue, 256 GB)',)","₹31,999",4.4,8 GB RAM | 256 GB ROM17.02 cm (6.7 inch) Full HD+ Display50MP + 8MP + 32MP | 16MP Front Camera5000 mAh BatterySnapdragon 6 Gen 1 Processor1 Year Manufacturer Warranty for Device and 6 Months Manufacturer Warranty for Inbox Accessories
154,"('realme 12 Pro 5G (Navigator Beige, 256 GB)',)","₹31,999",4.4,8 GB RAM | 256 GB ROM17.02 cm (6.7 inch) Full HD+ Display50MP + 8MP + 32MP | 16MP Front Camera5000 mAh BatterySnapdragon 6 Gen 1 Processor1 Year Manufacturer Warranty for Device and 6 Months Manufacturer Warranty for Inbox Accessories
155,"('OnePlus Nord CE4 (Dark Chrome, 256 GB)',)","₹26,999",4.5,8 GB RAM | 256 GB ROM17.02 cm (6.7 inch) Display50MP Rear Camera5500 mAh BatteryOxygenOS 14.0 ProcessorDomestic Warranty 1 Year For Handset And 6 month For Accessories.
156,"('POCO X6 Pro 5G (Yellow, 512 GB)',)","₹32,999",4.3,12 GB RAM | 512 GB ROM16.94 cm (6.67 inch) Display64MP + 8MP + 2MP | 16MP Front Camera5000 mAh BatteryDimensity D8300 Ultra Processor1 Year Manufacturer Warranty for Phone and 6 Months Warranty for In the Box Accessories
157,"('POCO X6 Pro 5G (Spectre Black, 512 GB)',)","₹32,999",4.3,12 GB RAM | 512 GB ROM16.94 cm (6.67 inch) Display64MP + 8MP + 2MP | 16MP Front Camera5000 mAh BatteryDimensity D8300 Ultra Processor1 Year Manufacturer Warranty for Phone and 6 Months Warranty for In the Box Accessories
158,"('POCO X6 Pro 5G (Racing Grey, 512 GB)',)","₹32,999",4.3,12 GB RAM | 512 GB ROM16.94 cm (6.67 inch) Display64MP + 8MP + 2MP | 16MP Front Camera5000 mAh BatteryDimensity D8300 Ultra Processor1 Year Manufacturer Warranty for Phone and 6 Months Warranty for In the Box Accessories
159,"('OnePlus Nord 3 5G (Tempest Gray, 128 GB)',)","₹33,999",4.3,8 GB RAM | 128 GB ROM17.12 cm (6.74 inch) Full HD+ Display50MP Rear Camera5000 mAh BatteryDomestic 1 Year of Device & 6 Months for In-Box Accessories
160,"('Nothing Phone (2a) 5G (Blue, 256 GB)',)","₹27,999",4.4,8 GB RAM | 256 GB ROM17.02 cm (6.7 inch) Full HD+ Display50MP (OIS) + 50MP | 32MP Front Camera5000 mAh BatteryDimensity 7200 Pro Processor1 Year Manufacturing Warranty
161,"('REDMI Note 13 Pro 5G (Coral Purple, 128 GB)',)","₹28,999",4.3,8 GB RAM | 128 GB ROM16.94 cm (6.67 inch) Display200MP (OIS) + 8MP + 2MP | 16MP Front Camera5100 mAh Battery7s Gen 2 Mobile Platform 5G Processor1 Year Manufacturer Warranty for Phone and 6 Months Warranty for In the Box Accessories
162,"('OnePlus Nord 3 5G (Misty Green, 128 GB)',)","₹33,999",4.3,8 GB RAM | 128 GB ROM17.12 cm (6.74 inch) Display50MP Rear Camera5000 mAh BatteryDomestic 1 Year of Device & 6 Months for In-Box Accessories
163,"('Infinix GT 20 Pro (Mecha Blue, 256 GB)',)","₹34,999",4.3,12 GB RAM | 256 GB ROM17.22 cm (6.78 inch) Full HD+ Display108MP (OIS) + 2MP + 2MP | 32MP Front Camera5000 mAh BatteryDimensity 8200 Ultimate Processor1 Year Warranty
164,"('Infinix GT 20 Pro (Mecha Orange, 256 GB)',)","₹34,999",4.3,12 GB RAM | 256 GB ROM17.22 cm (6.78 inch) Full HD+ Display108MP (OIS) + 2MP + 2MP | 32MP Front Camera5000 mAh BatteryDimensity 8200 Ultimate Processor1 Year Warranty
165,"('realme Narzo 70 Pro 5G (Glass Gold, 256 GB)',)","₹26,999",4.3,8 GB RAM | 256 GB ROM16.94 cm (6.67 inch) Display50MP Rear Camera5000 mAh Battery1 Year Domestic Warranty for Phone and 6 Months Warranty for In-Box Accessories
166,"('REDMI Note 13 Pro 5G (Midnight Black, 128 GB)',)","₹28,999",4.3,8 GB RAM | 128 GB ROM16.94 cm (6.67 inch) Display200MP (OIS) + 8MP + 2MP | 16MP Front Camera5100 mAh Battery7s Gen 2 Mobile Platform 5G Processor1 Year Manufacturer Warranty for Phone and 6 Months Warranty for In the Box Accessories
167,"('realme Narzo 70 Pro 5G (Glass Green, 256 GB)',)","₹26,999",4.3,8 GB RAM | 256 GB ROM16.94 cm (6.67 inch) Display50MP Rear Camera5000 mAh Battery1 Year Domestic Warranty for Phone and 6 Months Warranty for In-Box Accessories
168,"('vivo T2 Pro 5G (Dune Gold, 256 GB)',)","₹27,999",4.5,8 GB RAM | 256 GB ROM17.22 cm (6.78 inch) Full HD+ Display64MP + 2MP | 16MP Front Camera4600 mAh BatteryDimensity 7200 Processor1 Year Manufacturer Warranty for Phone and 6 Months Warranty for In the Box Accessories
169,"('vivo T2 Pro 5G (New Moon Black, 256 GB)',)","₹27,999",4.5,8 GB RAM | 256 GB ROM17.22 cm (6.78 inch) Full HD+ Display64MP + 2MP | 16MP Front Camera4600 mAh BatteryDimensity 7200 Processor1 Year Manufacturer Warranty for Phone and 6 Months Warranty for In the Box Accessories
170,"('vivo T2 Pro 5G (New Moon Black, 128 GB)',)","₹26,999",4.5,8 GB RAM | 128 GB ROM17.22 cm (6.78 inch) Full HD+ Display64MP + 2MP | 16MP Front Camera4600 mAh BatteryDimensity 7200 Processor1 Year Manufacturer Warranty for Phone and 6 Months Warranty for In the Box Accessories
171,"('Nothing Phone (2a) 5G (Black, 256 GB)',)","₹29,999",4.4,12 GB RAM | 256 GB ROM17.02 cm (6.7 inch) Full HD+ Display50MP (OIS) + 50MP | 32MP Front Camera5000 mAh BatteryDimensity 7200 Pro Processor1 Year Manufacturing Warranty
172,"('Nothing Phone (2a) 5G (White, 256 GB)',)","₹29,999",4.4,12 GB RAM | 256 GB ROM17.02 cm (6.7 inch) Full HD+ Display50MP (OIS) + 50MP | 32MP Front Camera5000 mAh BatteryDimensity 7200 Pro Processor1 Year Manufacturing Warranty
173,"('Nothing Phone (2a) 5G (White, 256 GB)',)","₹27,999",4.4,8 GB RAM | 256 GB ROM17.02 cm (6.7 inch) Full HD+ Display50MP (OIS) + 50MP | 32MP Front Camera5000 mAh BatteryDimensity 7200 Pro Processor1 Year Manufacturing Warranty
174,"('Nothing Phone (2a) 5G (Black, 256 GB)',)","₹27,999",4.4,8 GB RAM | 256 GB ROM17.02 cm (6.7 inch) Full HD+ Display50MP (OIS) + 50MP | 32MP Front Camera5000 mAh BatteryDimensity 7200 Pro Processor1 Year Manufacturing Warranty
175,"('Nothing Phone (2a) 5G (Blue, 256 GB)',)","₹29,999",4.4,12 GB RAM | 256 GB ROM17.02 cm (6.7 inch) Full HD+ Display50MP (OIS) + 50MP | 32MP Front Camera5000 mAh BatteryDimensity 7200 Pro Processor1 Year Manufacturing Warranty
176,"('REDMI Note 13 Pro 5G (Coral Purple, 128 GB)',)","₹28,999",4.3,8 GB RAM | 128 GB ROM16.94 cm (6.67 inch) Display200MP (OIS) + 8MP + 2MP | 16MP Front Camera5100 mAh Battery7s Gen 2 Mobile Platform 5G Processor1 Year Manufacturer Warranty for Phone and 6 Months Warranty for In the Box Accessories
177,"('REDMI Note 13 Pro 5G (Midnight Black, 128 GB)',)","₹28,999",4.3,8 GB RAM | 128 GB ROM16.94 cm (6.67 inch) Display200MP (OIS) + 8MP + 2MP | 16MP Front Camera5100 mAh Battery7s Gen 2 Mobile Platform 5G Processor1 Year Manufacturer Warranty for Phone and 6 Months Warranty for In the Box Accessories
178,"('REDMI Note 13 Pro 5G (Arctic White, 128 GB)',)","₹28,999",4.3,8 GB RAM | 128 GB ROM16.94 cm (6.67 inch) Display200MP (OIS) + 8MP + 2MP | 16MP Front Camera5100 mAh Battery7s Gen 2 Mobile Platform 5G Processor1 Year Manufacturer Warranty for Phone and 6 Months Warranty for In the Box Accessories
179,"('realme 12 Pro 5G (Submarine Blue, 256 GB)',)","₹31,999",4.4,8 GB RAM | 256 GB ROM17.02 cm (6.7 inch) Full HD+ Display50MP + 8MP + 32MP | 16MP Front Camera5000 mAh BatterySnapdragon 6 Gen 1 Processor1 Year Manufacturer Warranty for Device and 6 Months Manufacturer Warranty for Inbox Accessories
180,"('realme 12 Pro 5G (Navigator Beige, 256 GB)',)","₹31,999",4.4,8 GB RAM | 256 GB ROM17.02 cm (6.7 inch) Full HD+ Display50MP + 8MP + 32MP | 16MP Front Camera5000 mAh BatterySnapdragon 6 Gen 1 Processor1 Year Manufacturer Warranty for Device and 6 Months Manufacturer Warranty for Inbox Accessories
181,"('OnePlus Nord CE4 (Dark Chrome, 256 GB)',)","₹26,999",4.5,8 GB RAM | 256 GB ROM17.02 cm (6.7 inch) Display50MP Rear Camera5500 mAh BatteryOxygenOS 14.0 ProcessorDomestic Warranty 1 Year For Handset And 6 month For Accessories.
182,"('POCO X6 Pro 5G (Yellow, 512 GB)',)","₹32,999",4.3,12 GB RAM | 512 GB ROM16.94 cm (6.67 inch) Display64MP + 8MP + 2MP | 16MP Front Camera5000 mAh BatteryDimensity D8300 Ultra Processor1 Year Manufacturer Warranty for Phone and 6 Months Warranty for In the Box Accessories
183,"('realme Narzo 70 Pro 5G (Glass Gold, 256 GB)',)","₹26,999",4.3,8 GB RAM | 256 GB ROM16.94 cm (6.67 inch) Display50MP Rear Camera5000 mAh Battery1 Year Domestic Warranty for Phone and 6 Months Warranty for In-Box Accessories
184,"('POCO X6 Pro 5G (Spectre Black, 512 GB)',)","₹32,999",4.3,12 GB RAM | 512 GB ROM16.94 cm (6.67 inch) Display64MP + 8MP + 2MP | 16MP Front Camera5000 mAh BatteryDimensity D8300 Ultra Processor1 Year Manufacturer Warranty for Phone and 6 Months Warranty for In the Box Accessories
185,"('POCO X6 Pro 5G (Racing Grey, 512 GB)',)","₹32,999",4.3,12 GB RAM | 512 GB ROM16.94 cm (6.67 inch) Display64MP + 8MP + 2MP | 16MP Front Camera5000 mAh BatteryDimensity D8300 Ultra Processor1 Year Manufacturer Warranty for Phone and 6 Months Warranty for In the Box Accessories
186,"('realme Narzo 70 Pro 5G (Glass Green, 256 GB)',)","₹26,999",4.3,8 GB RAM | 256 GB ROM16.94 cm (6.67 inch) Display50MP Rear Camera5000 mAh Battery1 Year Domestic Warranty for Phone and 6 Months Warranty for In-Box Accessories
187,"('Nothing Phone (2a) 5G (Blue, 256 GB)',)","₹27,999",4.4,8 GB RAM | 256 GB ROM17.02 cm (6.7 inch) Full HD+ Display50MP (OIS) + 50MP | 32MP Front Camera5000 mAh BatteryDimensity 7200 Pro Processor1 Year Manufacturing Warranty
188,"('Infinix GT 20 Pro (Mecha Orange, 256 GB)',)","₹34,999",4.3,12 GB RAM | 256 GB ROM17.22 cm (6.78 inch) Full HD+ Display108MP (OIS) + 2MP + 2MP | 32MP Front Camera5000 mAh BatteryDimensity 8200 Ultimate Processor1 Year Warranty
189,"('Infinix GT 20 Pro (Mecha Blue, 256 GB)',)","₹34,999",4.3,12 GB RAM | 256 GB ROM17.22 cm (6.78 inch) Full HD+ Display108MP (OIS) + 2MP + 2MP | 32MP Front Camera5000 mAh BatteryDimensity 8200 Ultimate Processor1 Year Warranty
190,"('OnePlus Nord 3 5G (Misty Green, 128 GB)',)","₹33,999",4.3,8 GB RAM | 128 GB ROM17.12 cm (6.74 inch) Display50MP Rear Camera5000 mAh BatteryDomestic 1 Year of Device & 6 Months for In-Box Accessories
191,"('REDMI Note 13 Pro 5G (Coral Purple, 256 GB)',)","₹30,999",4.3,8 GB RAM | 256 GB ROM16.94 cm (6.67 inch) Display200MP (OIS) + 8MP + 2MP | 16MP Front Camera5100 mAh Battery7s Gen 2 Mobile Platform 5G Processor1 Year Manufacturer Warranty for Phone and 6 Months Warranty for In the Box Accessories
192,"('vivo T2 Pro 5G (Dune Gold, 256 GB)',)","₹27,999",4.5,8 GB RAM | 256 GB ROM17.22 cm (6.78 inch) Full HD+ Display64MP + 2MP | 16MP Front Camera4600 mAh BatteryDimensity 7200 Processor1 Year Manufacturer Warranty for Phone and 6 Months Warranty for In the Box Accessories
193,"('vivo T2 Pro 5G (New Moon Black, 256 GB)',)","₹27,999",4.5,8 GB RAM | 256 GB ROM17.22 cm (6.78 inch) Full HD+ Display64MP + 2MP | 16MP Front Camera4600 mAh BatteryDimensity 7200 Processor1 Year Manufacturer Warranty for Phone and 6 Months Warranty for In the Box Accessories
194,"('vivo T2 Pro 5G (New Moon Black, 128 GB)',)","₹26,999",4.5,8 GB RAM | 128 GB ROM17.22 cm (6.78 inch) Full HD+ Display64MP + 2MP | 16MP Front Camera4600 mAh BatteryDimensity 7200 Processor1 Year Manufacturer Warranty for Phone and 6 Months Warranty for In the Box Accessories
195,"('Nothing Phone (2a) 5G (Black, 256 GB)',)","₹29,999",4.4,12 GB RAM | 256 GB ROM17.02 cm (6.7 inch) Full HD+ Display50MP (OIS) + 50MP | 32MP Front Camera5000 mAh BatteryDimensity 7200 Pro Processor1 Year Manufacturing Warranty
196,"('Nothing Phone (2a) 5G (White, 256 GB)',)","₹29,999",4.4,12 GB RAM | 256 GB ROM17.02 cm (6.7 inch) Full HD+ Display50MP (OIS) + 50MP | 32MP Front Camera5000 mAh BatteryDimensity 7200 Pro Processor1 Year Manufacturing Warranty
197,"('Nothing Phone (2a) 5G (White, 256 GB)',)","₹27,999",4.4,8 GB RAM | 256 GB ROM17.02 cm (6.7 inch) Full HD+ Display50MP (OIS) + 50MP | 32MP Front Camera5000 mAh BatteryDimensity 7200 Pro Processor1 Year Manufacturing Warranty
198,"('Nothing Phone (2a) 5G (Black, 256 GB)',)","₹27,999",4.4,8 GB RAM | 256 GB ROM17.02 cm (6.7 inch) Full HD+ Display50MP (OIS) + 50MP | 32MP Front Camera5000 mAh BatteryDimensity 7200 Pro Processor1 Year Manufacturing Warranty
199,"('Nothing Phone (2a) 5G (Blue, 256 GB)',)","₹29,999",4.4,12 GB RAM | 256 GB ROM17.02 cm (6.7 inch) Full HD+ Display50MP (OIS) + 50MP | 32MP Front Camera5000 mAh BatteryDimensity 7200 Pro Processor1 Year Manufacturing Warranty
200,"('REDMI Note 13 Pro 5G (Coral Purple, 128 GB)',)","₹28,999",4.3,8 GB RAM | 128 GB ROM16.94 cm (6.67 inch) Display200MP (OIS) + 8MP + 2MP | 16MP Front Camera5100 mAh Battery7s Gen 2 Mobile Platform 5G Processor1 Year Manufacturer Warranty for Phone and 6 Months Warranty for In the Box Accessories
201,"('REDMI Note 13 Pro 5G (Midnight Black, 128 GB)',)","₹28,999",4.3,8 GB RAM | 128 GB ROM16.94 cm (6.67 inch) Display200MP (OIS) + 8MP + 2MP | 16MP Front Camera5100 mAh Battery7s Gen 2 Mobile Platform 5G Processor1 Year Manufacturer Warranty for Phone and 6 Months Warranty for In the Box Accessories
202,"('REDMI Note 13 Pro 5G (Arctic White, 128 GB)',)","₹28,999",4.3,8 GB RAM | 128 GB ROM16.94 cm (6.67 inch) Display200MP (OIS) + 8MP + 2MP | 16MP Front Camera5100 mAh Battery7s Gen 2 Mobile Platform 5G Processor1 Year Manufacturer Warranty for Phone and 6 Months Warranty for In the Box Accessories
203,"('realme 12 Pro 5G (Submarine Blue, 256 GB)',)","₹31,999",4.4,8 GB RAM | 256 GB ROM17.02 cm (6.7 inch) Full HD+ Display50MP + 8MP + 32MP | 16MP Front Camera5000 mAh BatterySnapdragon 6 Gen 1 Processor1 Year Manufacturer Warranty for Device and 6 Months Manufacturer Warranty for Inbox Accessories
204,"('realme 12 Pro 5G (Navigator Beige, 256 GB)',)","₹31,999",4.4,8 GB RAM | 256 GB ROM17.02 cm (6.7 inch) Full HD+ Display50MP + 8MP + 32MP | 16MP Front Camera5000 mAh BatterySnapdragon 6 Gen 1 Processor1 Year Manufacturer Warranty for Device and 6 Months Manufacturer Warranty for Inbox Accessories
205,"('OnePlus Nord CE4 (Dark Chrome, 256 GB)',)","₹26,999",4.5,8 GB RAM | 256 GB ROM17.02 cm (6.7 inch) Display50MP Rear Camera5500 mAh BatteryOxygenOS 14.0 ProcessorDomestic Warranty 1 Year For Handset And 6 month For Accessories.
206,"('POCO X6 Pro 5G (Yellow, 512 GB)',)","₹32,999",4.3,12 GB RAM | 512 GB ROM16.94 cm (6.67 inch) Display64MP + 8MP + 2MP | 16MP Front Camera5000 mAh BatteryDimensity D8300 Ultra Processor1 Year Manufacturer Warranty for Phone and 6 Months Warranty for In the Box Accessories
207,"('realme Narzo 70 Pro 5G (Glass Gold, 256 GB)',)","₹26,999",4.3,8 GB RAM | 256 GB ROM16.94 cm (6.67 inch) Display50MP Rear Camera5000 mAh Battery1 Year Domestic Warranty for Phone and 6 Months Warranty for In-Box Accessories
208,"('POCO X6 Pro 5G (Spectre Black, 512 GB)',)","₹32,999",4.3,12 GB RAM | 512 GB ROM16.94 cm (6.67 inch) Display64MP + 8MP + 2MP | 16MP Front Camera5000 mAh BatteryDimensity D8300 Ultra Processor1 Year Manufacturer Warranty for Phone and 6 Months Warranty for In the Box Accessories
209,"('POCO X6 Pro 5G (Racing Grey, 512 GB)',)","₹32,999",4.3,12 GB RAM | 512 GB ROM16.94 cm (6.67 inch) Display64MP + 8MP + 2MP | 16MP Front Camera5000 mAh BatteryDimensity D8300 Ultra Processor1 Year Manufacturer Warranty for Phone and 6 Months Warranty for In the Box Accessories
210,"('realme Narzo 70 Pro 5G (Glass Green, 256 GB)',)","₹26,999",4.3,8 GB RAM | 256 GB ROM16.94 cm (6.67 inch) Display50MP Rear Camera5000 mAh Battery1 Year Domestic Warranty for Phone and 6 Months Warranty for In-Box Accessories
211,"('Nothing Phone (2a) 5G (Blue, 256 GB)',)","₹27,999",4.4,8 GB RAM | 256 GB ROM17.02 cm (6.7 inch) Full HD+ Display50MP (OIS) + 50MP | 32MP Front Camera5000 mAh BatteryDimensity 7200 Pro Processor1 Year Manufacturing Warranty
212,"('Infinix GT 20 Pro (Mecha Orange, 256 GB)',)","₹34,999",4.3,12 GB RAM | 256 GB ROM17.22 cm (6.78 inch) Full HD+ Display108MP (OIS) + 2MP + 2MP | 32MP Front Camera5000 mAh BatteryDimensity 8200 Ultimate Processor1 Year Warranty
213,"('Infinix GT 20 Pro (Mecha Blue, 256 GB)',)","₹34,999",4.3,12 GB RAM | 256 GB ROM17.22 cm (6.78 inch) Full HD+ Display108MP (OIS) + 2MP + 2MP | 32MP Front Camera5000 mAh BatteryDimensity 8200 Ultimate Processor1 Year Warranty
214,"('OnePlus Nord 3 5G (Misty Green, 128 GB)',)","₹33,999",4.3,8 GB RAM | 128 GB ROM17.12 cm (6.74 inch) Display50MP Rear Camera5000 mAh BatteryDomestic 1 Year of Device & 6 Months for In-Box Accessories
215,"('REDMI Note 13 Pro 5G (Coral Purple, 256 GB)',)","₹30,999",4.3,8 GB RAM | 256 GB ROM16.94 cm (6.67 inch) Display200MP (OIS) + 8MP + 2MP | 16MP Front Camera5100 mAh Battery7s Gen 2 Mobile Platform 5G Processor1 Year Manufacturer Warranty for Phone and 6 Months Warranty for In the Box Accessories
216,"('vivo T2 Pro 5G (Dune Gold, 256 GB)',)","₹27,999",4.5,8 GB RAM | 256 GB ROM17.22 cm (6.78 inch) Full HD+ Display64MP + 2MP | 16MP Front Camera4600 mAh BatteryDimensity 7200 Processor1 Year Manufacturer Warranty for Phone and 6 Months Warranty for In the Box Accessories
217,"('vivo T2 Pro 5G (New Moon Black, 256 GB)',)","₹27,999",4.5,8 GB RAM | 256 GB ROM17.22 cm (6.78 inch) Full HD+ Display64MP + 2MP | 16MP Front Camera4600 mAh BatteryDimensity 7200 Processor1 Year Manufacturer Warranty for Phone and 6 Months Warranty for In the Box Accessories
218,"('vivo T2 Pro 5G (New Moon Black, 128 GB)',)","₹26,999",4.5,8 GB RAM | 128 GB ROM17.22 cm (6.78 inch) Full HD+ Display64MP + 2MP | 16MP Front Camera4600 mAh BatteryDimensity 7200 Processor1 Year Manufacturer Warranty for Phone and 6 Months Warranty for In the Box Accessories
219,"('Nothing Phone (2a) 5G (Black, 256 GB)',)","₹29,999",4.4,12 GB RAM | 256 GB ROM17.02 cm (6.7 inch) Full HD+ Display50MP (OIS) + 50MP | 32MP Front Camera5000 mAh BatteryDimensity 7200 Pro Processor1 Year Manufacturing Warranty
220,"('Nothing Phone (2a) 5G (White, 256 GB)',)","₹29,999",4.4,12 GB RAM | 256 GB ROM17.02 cm (6.7 inch) Full HD+ Display50MP (OIS) + 50MP | 32MP Front Camera5000 mAh BatteryDimensity 7200 Pro Processor1 Year Manufacturing Warranty
221,"('Nothing Phone (2a) 5G (Black, 256 GB)',)","₹27,999",4.4,8 GB RAM | 256 GB ROM17.02 cm (6.7 inch) Full HD+ Display50MP (OIS) + 50MP | 32MP Front Camera5000 mAh BatteryDimensity 7200 Pro Processor1 Year Manufacturing Warranty
222,"('Nothing Phone (2a) 5G (White, 256 GB)',)","₹27,999",4.4,8 GB RAM | 256 GB ROM17.02 cm (6.7 inch) Full HD+ Display50MP (OIS) + 50MP | 32MP Front Camera5000 mAh BatteryDimensity 7200 Pro Processor1 Year Manufacturing Warranty
223,"('Nothing Phone (2a) 5G (Blue, 256 GB)',)","₹29,999",4.4,12 GB RAM | 256 GB ROM17.02 cm (6.7 inch) Full HD+ Display50MP (OIS) + 50MP | 32MP Front Camera5000 mAh BatteryDimensity 7200 Pro Processor1 Year Manufacturing Warranty
224,"('REDMI Note 13 Pro 5G (Arctic White, 128 GB)',)","₹28,999",4.3,8 GB RAM | 128 GB ROM16.94 cm (6.67 inch) Display200MP (OIS) + 8MP + 2MP | 16MP Front Camera5100 mAh Battery7s Gen 2 Mobile Platform 5G Processor1 Year Manufacturer Warranty for Phone and 6 Months Warranty for In the Box Accessories
225,"('realme 12 Pro 5G (Submarine Blue, 256 GB)',)","₹31,999",4.4,8 GB RAM | 256 GB ROM17.02 cm (6.7 inch) Full HD+ Display50MP + 8MP + 32MP | 16MP Front Camera5000 mAh BatterySnapdragon 6 Gen 1 Processor1 Year Manufacturer Warranty for Device and 6 Months Manufacturer Warranty for Inbox Accessories
226,"('realme 12 Pro 5G (Navigator Beige, 256 GB)',)","₹31,999",4.4,8 GB RAM | 256 GB ROM17.02 cm (6.7 inch) Full HD+ Display50MP + 8MP + 32MP | 16MP Front Camera5000 mAh BatterySnapdragon 6 Gen 1 Processor1 Year Manufacturer Warranty for Device and 6 Months Manufacturer Warranty for Inbox Accessories
227,"('OnePlus Nord CE4 (Dark Chrome, 256 GB)',)","₹26,999",4.5,8 GB RAM | 256 GB ROM17.02 cm (6.7 inch) Display50MP Rear Camera5500 mAh BatteryOxygenOS 14.0 ProcessorDomestic Warranty 1 Year For Handset And 6 month For Accessories.
228,"('POCO X6 Pro 5G (Yellow, 512 GB)',)","₹32,999",4.3,12 GB RAM | 512 GB ROM16.94 cm (6.67 inch) Display64MP + 8MP + 2MP | 16MP Front Camera5000 mAh BatteryDimensity D8300 Ultra Processor1 Year Manufacturer Warranty for Phone and 6 Months Warranty for In the Box Accessories
229,"('POCO X6 Pro 5G (Spectre Black, 512 GB)',)","₹32,999",4.3,12 GB RAM | 512 GB ROM16.94 cm (6.67 inch) Display64MP + 8MP + 2MP | 16MP Front Camera5000 mAh BatteryDimensity D8300 Ultra Processor1 Year Manufacturer Warranty for Phone and 6 Months Warranty for In the Box Accessories
230,"('POCO X6 Pro 5G (Racing Grey, 512 GB)',)","₹32,999",4.3,12 GB RAM | 512 GB ROM16.94 cm (6.67 inch) Display64MP + 8MP + 2MP | 16MP Front Camera5000 mAh BatteryDimensity D8300 Ultra Processor1 Year Manufacturer Warranty for Phone and 6 Months Warranty for In the Box Accessories
231,"('OnePlus Nord 3 5G (Tempest Gray, 128 GB)',)","₹33,999",4.3,8 GB RAM | 128 GB ROM17.12 cm (6.74 inch) Full HD+ Display50MP Rear Camera5000 mAh BatteryDomestic 1 Year of Device & 6 Months for In-Box Accessories
232,"('Nothing Phone (2a) 5G (Blue, 256 GB)',)","₹27,999",4.4,8 GB RAM | 256 GB ROM17.02 cm (6.7 inch) Full HD+ Display50MP (OIS) + 50MP | 32MP Front Camera5000 mAh BatteryDimensity 7200 Pro Processor1 Year Manufacturing Warranty
233,"('REDMI Note 13 Pro 5G (Coral Purple, 128 GB)',)","₹28,999",4.3,8 GB RAM | 128 GB ROM16.94 cm (6.67 inch) Display200MP (OIS) + 8MP + 2MP | 16MP Front Camera5100 mAh Battery7s Gen 2 Mobile Platform 5G Processor1 Year Manufacturer Warranty for Phone and 6 Months Warranty for In the Box Accessories
234,"('OnePlus Nord 3 5G (Misty Green, 128 GB)',)","₹33,999",4.3,8 GB RAM | 128 GB ROM17.12 cm (6.74 inch) Display50MP Rear Camera5000 mAh BatteryDomestic 1 Year of Device & 6 Months for In-Box Accessories
235,"('Infinix GT 20 Pro (Mecha Blue, 256 GB)',)","₹34,999",4.3,12 GB RAM | 256 GB ROM17.22 cm (6.78 inch) Full HD+ Display108MP (OIS) + 2MP + 2MP | 32MP Front Camera5000 mAh BatteryDimensity 8200 Ultimate Processor1 Year Warranty
236,"('Infinix GT 20 Pro (Mecha Orange, 256 GB)',)","₹34,999",4.3,12 GB RAM | 256 GB ROM17.22 cm (6.78 inch) Full HD+ Display108MP (OIS) + 2MP + 2MP | 32MP Front Camera5000 mAh BatteryDimensity 8200 Ultimate Processor1 Year Warranty
237,"('realme Narzo 70 Pro 5G (Glass Gold, 256 GB)',)","₹26,999",4.3,8 GB RAM | 256 GB ROM16.94 cm (6.67 inch) Display50MP Rear Camera5000 mAh Battery1 Year Domestic Warranty for Phone and 6 Months Warranty for In-Box Accessories
238,"('REDMI Note 13 Pro 5G (Midnight Black, 128 GB)',)","₹28,999",4.3,8 GB RAM | 128 GB ROM16.94 cm (6.67 inch) Display200MP (OIS) + 8MP + 2MP | 16MP Front Camera5100 mAh Battery7s Gen 2 Mobile Platform 5G Processor1 Year Manufacturer Warranty for Phone and 6 Months Warranty for In the Box Accessories
239,"('realme Narzo 70 Pro 5G (Glass Green, 256 GB)',)","₹26,999",4.3,8 GB RAM | 256 GB ROM16.94 cm (6.67 inch) Display50MP Rear Camera5000 mAh Battery1 Year Domestic Warranty for Phone and 6 Months Warranty for In-Box Accessories
240,"('vivo T2 Pro 5G (Dune Gold, 256 GB)',)","₹27,999",4.5,8 GB RAM | 256 GB ROM17.22 cm (6.78 inch) Full HD+ Display64MP + 2MP | 16MP Front Camera4600 mAh BatteryDimensity 7200 Processor1 Year Manufacturer Warranty for Phone and 6 Months Warranty for In the Box Accessories
241,"('vivo T2 Pro 5G (New Moon Black, 256 GB)',)","₹27,999",4.5,8 GB RAM | 256 GB ROM17.22 cm (6.78 inch) Full HD+ Display64MP + 2MP | 16MP Front Camera4600 mAh BatteryDimensity 7200 Processor1 Year Manufacturer Warranty for Phone and 6 Months Warranty for In the Box Accessories
242,"('vivo T2 Pro 5G (New Moon Black, 128 GB)',)","₹26,999",4.5,8 GB RAM | 128 GB ROM17.22 cm (6.78 inch) Full HD+ Display64MP + 2MP | 16MP Front Camera4600 mAh BatteryDimensity 7200 Processor1 Year Manufacturer Warranty for Phone and 6 Months Warranty for In the Box Accessories
243,"('Nothing Phone (2a) 5G (Black, 256 GB)',)","₹29,999",4.4,12 GB RAM | 256 GB ROM17.02 cm (6.7 inch) Full HD+ Display50MP (OIS) + 50MP | 32MP Front Camera5000 mAh BatteryDimensity 7200 Pro Processor1 Year Manufacturing Warranty
244,"('Nothing Phone (2a) 5G (White, 256 GB)',)","₹29,999",4.4,12 GB RAM | 256 GB ROM17.02 cm (6.7 inch) Full HD+ Display50MP (OIS) + 50MP | 32MP Front Camera5000 mAh BatteryDimensity 7200 Pro Processor1 Year Manufacturing Warranty
245,"('Nothing Phone (2a) 5G (Black, 256 GB)',)","₹27,999",4.4,8 GB RAM | 256 GB ROM17.02 cm (6.7 inch) Full HD+ Display50MP (OIS) + 50MP | 32MP Front Camera5000 mAh BatteryDimensity 7200 Pro Processor1 Year Manufacturing Warranty
246,"('Nothing Phone (2a) 5G (White, 256 GB)',)","₹27,999",4.4,8 GB RAM | 256 GB ROM17.02 cm (6.7 inch) Full HD+ Display50MP (OIS) + 50MP | 32MP Front Camera5000 mAh BatteryDimensity 7200 Pro Processor1 Year Manufacturing Warranty
247,"('Nothing Phone (2a) 5G (Blue, 256 GB)',)","₹29,999",4.4,12 GB RAM | 256 GB ROM17.02 cm (6.7 inch) Full HD+ Display50MP (OIS) + 50MP | 32MP Front Camera5000 mAh BatteryDimensity 7200 Pro Processor1 Year Manufacturing Warranty
248,"('REDMI Note 13 Pro 5G (Arctic White, 128 GB)',)","₹28,999",4.3,8 GB RAM | 128 GB ROM16.94 cm (6.67 inch) Display200MP (OIS) + 8MP + 2MP | 16MP Front Camera5100 mAh Battery7s Gen 2 Mobile Platform 5G Processor1 Year Manufacturer Warranty for Phone and 6 Months Warranty for In the Box Accessories
249,"('realme 12 Pro 5G (Submarine Blue, 256 GB)',)","₹31,999",4.4,8 GB RAM | 256 GB ROM17.02 cm (6.7 inch) Full HD+ Display50MP + 8MP + 32MP | 16MP Front Camera5000 mAh BatterySnapdragon 6 Gen 1 Processor1 Year Manufacturer Warranty for Device and 6 Months Manufacturer Warranty for Inbox Accessories
250,"('realme 12 Pro 5G (Navigator Beige, 256 GB)',)","₹31,999",4.4,8 GB RAM | 256 GB ROM17.02 cm (6.7 inch) Full HD+ Display50MP + 8MP + 32MP | 16MP Front Camera5000 mAh BatterySnapdragon 6 Gen 1 Processor1 Year Manufacturer Warranty for Device and 6 Months Manufacturer Warranty for Inbox Accessories
251,"('OnePlus Nord CE4 (Dark Chrome, 256 GB)',)","₹26,999",4.5,8 GB RAM | 256 GB ROM17.02 cm (6.7 inch) Display50MP Rear Camera5500 mAh BatteryOxygenOS 14.0 ProcessorDomestic Warranty 1 Year For Handset And 6 month For Accessories.
252,"('POCO X6 Pro 5G (Yellow, 512 GB)',)","₹32,999",4.3,12 GB RAM | 512 GB ROM16.94 cm (6.67 inch) Display64MP + 8MP + 2MP | 16MP Front Camera5000 mAh BatteryDimensity D8300 Ultra Processor1 Year Manufacturer Warranty for Phone and 6 Months Warranty for In the Box Accessories
253,"('POCO X6 Pro 5G (Spectre Black, 512 GB)',)","₹32,999",4.3,12 GB RAM | 512 GB ROM16.94 cm (6.67 inch) Display64MP + 8MP + 2MP | 16MP Front Camera5000 mAh BatteryDimensity D8300 Ultra Processor1 Year Manufacturer Warranty for Phone and 6 Months Warranty for In the Box Accessories
254,"('POCO X6 Pro 5G (Racing Grey, 512 GB)',)","₹32,999",4.3,12 GB RAM | 512 GB ROM16.94 cm (6.67 inch) Display64MP + 8MP + 2MP | 16MP Front Camera5000 mAh BatteryDimensity D8300 Ultra Processor1 Year Manufacturer Warranty for Phone and 6 Months Warranty for In the Box Accessories
255,"('OnePlus Nord 3 5G (Tempest Gray, 128 GB)',)","₹33,999",4.3,8 GB RAM | 128 GB ROM17.12 cm (6.74 inch) Full HD+ Display50MP Rear Camera5000 mAh BatteryDomestic 1 Year of Device & 6 Months for In-Box Accessories
256,"('Nothing Phone (2a) 5G (Blue, 256 GB)',)","₹27,999",4.4,8 GB RAM | 256 GB ROM17.02 cm (6.7 inch) Full HD+ Display50MP (OIS) + 50MP | 32MP Front Camera5000 mAh BatteryDimensity 7200 Pro Processor1 Year Manufacturing Warranty
257,"('REDMI Note 13 Pro 5G (Coral Purple, 128 GB)',)","₹28,999",4.3,8 GB RAM | 128 GB ROM16.94 cm (6.67 inch) Display200MP (OIS) + 8MP + 2MP | 16MP Front Camera5100 mAh Battery7s Gen 2 Mobile Platform 5G Processor1 Year Manufacturer Warranty for Phone and 6 Months Warranty for In the Box Accessories
258,"('OnePlus Nord 3 5G (Misty Green, 128 GB)',)","₹33,999",4.3,8 GB RAM | 128 GB ROM17.12 cm (6.74 inch) Display50MP Rear Camera5000 mAh BatteryDomestic 1 Year of Device & 6 Months for In-Box Accessories
259,"('Infinix GT 20 Pro (Mecha Blue, 256 GB)',)","₹34,999",4.3,12 GB RAM | 256 GB ROM17.22 cm (6.78 inch) Full HD+ Display108MP (OIS) + 2MP + 2MP | 32MP Front Camera5000 mAh BatteryDimensity 8200 Ultimate Processor1 Year Warranty
260,"('Infinix GT 20 Pro (Mecha Orange, 256 GB)',)","₹34,999",4.3,12 GB RAM | 256 GB ROM17.22 cm (6.78 inch) Full HD+ Display108MP (OIS) + 2MP + 2MP | 32MP Front Camera5000 mAh BatteryDimensity 8200 Ultimate Processor1 Year Warranty
261,"('realme Narzo 70 Pro 5G (Glass Gold, 256 GB)',)","₹26,999",4.3,8 GB RAM | 256 GB ROM16.94 cm (6.67 inch) Display50MP Rear Camera5000 mAh Battery1 Year Domestic Warranty for Phone and 6 Months Warranty for In-Box Accessories
262,"('REDMI Note 13 Pro 5G (Midnight Black, 128 GB)',)","₹28,999",4.3,8 GB RAM | 128 GB ROM16.94 cm (6.67 inch) Display200MP (OIS) + 8MP + 2MP | 16MP Front Camera5100 mAh Battery7s Gen 2 Mobile Platform 5G Processor1 Year Manufacturer Warranty for Phone and 6 Months Warranty for In the Box Accessories
263,"('realme Narzo 70 Pro 5G (Glass Green, 256 GB)',)","₹26,999",4.3,8 GB RAM | 256 GB ROM16.94 cm (6.67 inch) Display50MP Rear Camera5000 mAh Battery1 Year Domestic Warranty for Phone and 6 Months Warranty for In-Box Accessories
264,"('vivo T2 Pro 5G (Dune Gold, 256 GB)',)","₹27,999",4.5,8 GB RAM | 256 GB ROM17.22 cm (6.78 inch) Full HD+ Display64MP + 2MP | 16MP Front Camera4600 mAh BatteryDimensity 7200 Processor1 Year Manufacturer Warranty for Phone and 6 Months Warranty for In the Box Accessories
265,"('vivo T2 Pro 5G (New Moon Black, 256 GB)',)","₹27,999",4.5,8 GB RAM | 256 GB ROM17.22 cm (6.78 inch) Full HD+ Display64MP + 2MP | 16MP Front Camera4600 mAh BatteryDimensity 7200 Processor1 Year Manufacturer Warranty for Phone and 6 Months Warranty for In the Box Accessories
266,"('vivo T2 Pro 5G (New Moon Black, 128 GB)',)","₹26,999",4.5,8 GB RAM | 128 GB ROM17.22 cm (6.78 inch) Full HD+ Display64MP + 2MP | 16MP Front Camera4600 mAh BatteryDimensity 7200 Processor1 Year Manufacturer Warranty for Phone and 6 Months Warranty for In the Box Accessories
267,"('Nothing Phone (2a) 5G (Black, 256 GB)',)","₹29,999",4.4,12 GB RAM | 256 GB ROM17.02 cm (6.7 inch) Full HD+ Display50MP (OIS) + 50MP | 32MP Front Camera5000 mAh BatteryDimensity 7200 Pro Processor1 Year Manufacturing Warranty
268,"('Nothing Phone (2a) 5G (White, 256 GB)',)","₹29,999",4.4,12 GB RAM | 256 GB ROM17.02 cm (6.7 inch) Full HD+ Display50MP (OIS) + 50MP | 32MP Front Camera5000 mAh BatteryDimensity 7200 Pro Processor1 Year Manufacturing Warranty
269,"('Nothing Phone (2a) 5G (White, 256 GB)',)","₹27,999",4.4,8 GB RAM | 256 GB ROM17.02 cm (6.7 inch) Full HD+ Display50MP (OIS) + 50MP | 32MP Front Camera5000 mAh BatteryDimensity 7200 Pro Processor1 Year Manufacturing Warranty
270,"('Nothing Phone (2a) 5G (Black, 256 GB)',)","₹27,999",4.4,8 GB RAM | 256 GB ROM17.02 cm (6.7 inch) Full HD+ Display50MP (OIS) + 50MP | 32MP Front Camera5000 mAh BatteryDimensity 7200 Pro Processor1 Year Manufacturing Warranty
271,"('Nothing Phone (2a) 5G (Blue, 256 GB)',)","₹29,999",4.4,12 GB RAM | 256 GB ROM17.02 cm (6.7 inch) Full HD+ Display50MP (OIS) + 50MP | 32MP Front Camera5000 mAh BatteryDimensity 7200 Pro Processor1 Year Manufacturing Warranty
272,"('REDMI Note 13 Pro 5G (Coral Purple, 128 GB)',)","₹28,999",4.3,8 GB RAM | 128 GB ROM16.94 cm (6.67 inch) Display200MP (OIS) + 8MP + 2MP | 16MP Front Camera5100 mAh Battery7s Gen 2 Mobile Platform 5G Processor1 Year Manufacturer Warranty for Phone and 6 Months Warranty for In the Box Accessories
273,"('REDMI Note 13 Pro 5G (Midnight Black, 128 GB)',)","₹28,999",4.3,8 GB RAM | 128 GB ROM16.94 cm (6.67 inch) Display200MP (OIS) + 8MP + 2MP | 16MP Front Camera5100 mAh Battery7s Gen 2 Mobile Platform 5G Processor1 Year Manufacturer Warranty for Phone and 6 Months Warranty for In the Box Accessories
274,"('REDMI Note 13 Pro 5G (Arctic White, 128 GB)',)","₹28,999",4.3,8 GB RAM | 128 GB ROM16.94 cm (6.67 inch) Display200MP (OIS) + 8MP + 2MP | 16MP Front Camera5100 mAh Battery7s Gen 2 Mobile Platform 5G Processor1 Year Manufacturer Warranty for Phone and 6 Months Warranty for In the Box Accessories
275,"('realme 12 Pro 5G (Submarine Blue, 256 GB)',)","₹31,999",4.4,8 GB RAM | 256 GB ROM17.02 cm (6.7 inch) Full HD+ Display50MP + 8MP + 32MP | 16MP Front Camera5000 mAh BatterySnapdragon 6 Gen 1 Processor1 Year Manufacturer Warranty for Device and 6 Months Manufacturer Warranty for Inbox Accessories
276,"('realme 12 Pro 5G (Navigator Beige, 256 GB)',)","₹31,999",4.4,8 GB RAM | 256 GB ROM17.02 cm (6.7 inch) Full HD+ Display50MP + 8MP + 32MP | 16MP Front Camera5000 mAh BatterySnapdragon 6 Gen 1 Processor1 Year Manufacturer Warranty for Device and 6 Months Manufacturer Warranty for Inbox Accessories
277,"('OnePlus Nord CE4 (Dark Chrome, 256 GB)',)","₹26,999",4.5,8 GB RAM | 256 GB ROM17.02 cm (6.7 inch) Display50MP Rear Camera5500 mAh BatteryOxygenOS 14.0 ProcessorDomestic Warranty 1 Year For Handset And 6 month For Accessories.
278,"('POCO X6 Pro 5G (Yellow, 512 GB)',)","₹32,999",4.3,12 GB RAM | 512 GB ROM16.94 cm (6.67 inch) Display64MP + 8MP + 2MP | 16MP Front Camera5000 mAh BatteryDimensity D8300 Ultra Processor1 Year Manufacturer Warranty for Phone and 6 Months Warranty for In the Box Accessories
279,"('realme Narzo 70 Pro 5G (Glass Gold, 256 GB)',)","₹26,999",4.3,8 GB RAM | 256 GB ROM16.94 cm (6.67 inch) Display50MP Rear Camera5000 mAh Battery1 Year Domestic Warranty for Phone and 6 Months Warranty for In-Box Accessories
280,"('POCO X6 Pro 5G (Spectre Black, 512 GB)',)","₹32,999",4.3,12 GB RAM | 512 GB ROM16.94 cm (6.67 inch) Display64MP + 8MP + 2MP | 16MP Front Camera5000 mAh BatteryDimensity D8300 Ultra Processor1 Year Manufacturer Warranty for Phone and 6 Months Warranty for In the Box Accessories
281,"('POCO X6 Pro 5G (Racing Grey, 512 GB)',)","₹32,999",4.3,12 GB RAM | 512 GB ROM16.94 cm (6.67 inch) Display64MP + 8MP + 2MP | 16MP Front Camera5000 mAh BatteryDimensity D8300 Ultra Processor1 Year Manufacturer Warranty for Phone and 6 Months Warranty for In the Box Accessories
282,"('realme Narzo 70 Pro 5G (Glass Green, 256 GB)',)","₹26,999",4.3,8 GB RAM | 256 GB ROM16.94 cm (6.67 inch) Display50MP Rear Camera5000 mAh Battery1 Year Domestic Warranty for Phone and 6 Months Warranty for In-Box Accessories
283,"('Nothing Phone (2a) 5G (Blue, 256 GB)',)","₹27,999",4.4,8 GB RAM | 256 GB ROM17.02 cm (6.7 inch) Full HD+ Display50MP (OIS) + 50MP | 32MP Front Camera5000 mAh BatteryDimensity 7200 Pro Processor1 Year Manufacturing Warranty
284,"('Infinix GT 20 Pro (Mecha Orange, 256 GB)',)","₹34,999",4.3,12 GB RAM | 256 GB ROM17.22 cm (6.78 inch) Full HD+ Display108MP (OIS) + 2MP + 2MP | 32MP Front Camera5000 mAh BatteryDimensity 8200 Ultimate Processor1 Year Warranty
285,"('Infinix GT 20 Pro (Mecha Blue, 256 GB)',)","₹34,999",4.3,12 GB RAM | 256 GB ROM17.22 cm (6.78 inch) Full HD+ Display108MP (OIS) + 2MP + 2MP | 32MP Front Camera5000 mAh BatteryDimensity 8200 Ultimate Processor1 Year Warranty
286,"('OnePlus Nord 3 5G (Misty Green, 128 GB)',)","₹33,999",4.3,8 GB RAM | 128 GB ROM17.12 cm (6.74 inch) Display50MP Rear Camera5000 mAh BatteryDomestic 1 Year of Device & 6 Months for In-Box Accessories
287,"('REDMI Note 13 Pro 5G (Coral Purple, 256 GB)',)","₹30,999",4.3,8 GB RAM | 256 GB ROM16.94 cm (6.67 inch) Display200MP (OIS) + 8MP + 2MP | 16MP Front Camera5100 mAh Battery7s Gen 2 Mobile Platform 5G Processor1 Year Manufacturer Warranty for Phone and 6 Months Warranty for In the Box Accessories
288,"('vivo T2 Pro 5G (Dune Gold, 256 GB)',)","₹27,999",4.5,8 GB RAM | 256 GB ROM17.22 cm (6.78 inch) Full HD+ Display64MP + 2MP | 16MP Front Camera4600 mAh BatteryDimensity 7200 Processor1 Year Manufacturer Warranty for Phone and 6 Months Warranty for In the Box Accessories
289,"('vivo T2 Pro 5G (New Moon Black, 256 GB)',)","₹27,999",4.5,8 GB RAM | 256 GB ROM17.22 cm (6.78 inch) Full HD+ Display64MP + 2MP | 16MP Front Camera4600 mAh BatteryDimensity 7200 Processor1 Year Manufacturer Warranty for Phone and 6 Months Warranty for In the Box Accessories
290,"('vivo T2 Pro 5G (New Moon Black, 128 GB)',)","₹26,999",4.5,8 GB RAM | 128 GB ROM17.22 cm (6.78 inch) Full HD+ Display64MP + 2MP | 16MP Front Camera4600 mAh BatteryDimensity 7200 Processor1 Year Manufacturer Warranty for Phone and 6 Months Warranty for In the Box Accessories
291,"('Nothing Phone (2a) 5G (Black, 256 GB)',)","₹29,999",4.4,12 GB RAM | 256 GB ROM17.02 cm (6.7 inch) Full HD+ Display50MP (OIS) + 50MP | 32MP Front Camera5000 mAh BatteryDimensity 7200 Pro Processor1 Year Manufacturing Warranty
292,"('Nothing Phone (2a) 5G (White, 256 GB)',)","₹29,999",4.4,12 GB RAM | 256 GB ROM17.02 cm (6.7 inch) Full HD+ Display50MP (OIS) + 50MP | 32MP Front Camera5000 mAh BatteryDimensity 7200 Pro Processor1 Year Manufacturing Warranty
293,"('Nothing Phone (2a) 5G (Black, 256 GB)',)","₹27,999",4.4,8 GB RAM | 256 GB ROM17.02 cm (6.7 inch) Full HD+ Display50MP (OIS) + 50MP | 32MP Front Camera5000 mAh BatteryDimensity 7200 Pro Processor1 Year Manufacturing Warranty
294,"('Nothing Phone (2a) 5G (White, 256 GB)',)","₹27,999",4.4,8 GB RAM | 256 GB ROM17.02 cm (6.7 inch) Full HD+ Display50MP (OIS) + 50MP | 32MP Front Camera5000 mAh BatteryDimensity 7200 Pro Processor1 Year Manufacturing Warranty
295,"('Nothing Phone (2a) 5G (Blue, 256 GB)',)","₹29,999",4.4,12 GB RAM | 256 GB ROM17.02 cm (6.7 inch) Full HD+ Display50MP (OIS) + 50MP | 32MP Front Camera5000 mAh BatteryDimensity 7200 Pro Processor1 Year Manufacturing Warranty
296,"('REDMI Note 13 Pro 5G (Arctic White, 128 GB)',)","₹28,999",4.3,8 GB RAM | 128 GB ROM16.94 cm (6.67 inch) Display200MP (OIS) + 8MP + 2MP | 16MP Front Camera5100 mAh Battery7s Gen 2 Mobile Platform 5G Processor1 Year Manufacturer Warranty for Phone and 6 Months Warranty for In the Box Accessories
297,"('realme 12 Pro 5G (Submarine Blue, 256 GB)',)","₹31,999",4.4,8 GB RAM | 256 GB ROM17.02 cm (6.7 inch) Full HD+ Display50MP + 8MP + 32MP | 16MP Front Camera5000 mAh BatterySnapdragon 6 Gen 1 Processor1 Year Manufacturer Warranty for Device and 6 Months Manufacturer Warranty for Inbox Accessories
298,"('realme 12 Pro 5G (Navigator Beige, 256 GB)',)","₹31,999",4.4,8 GB RAM | 256 GB ROM17.02 cm (6.7 inch) Full HD+ Display50MP + 8MP + 32MP | 16MP Front Camera5000 mAh BatterySnapdragon 6 Gen 1 Processor1 Year Manufacturer Warranty for Device and 6 Months Manufacturer Warranty for Inbox Accessories
299,"('OnePlus Nord CE4 (Dark Chrome, 256 GB)',)","₹26,999",4.5,8 GB RAM | 256 GB ROM17.02 cm (6.7 inch) Display50MP Rear Camera5500 mAh BatteryOxygenOS 14.0 ProcessorDomestic Warranty 1 Year For Handset And 6 month For Accessories.
300,"('POCO X6 Pro 5G (Yellow, 512 GB)',)","₹32,999",4.3,12 GB RAM | 512 GB ROM16.94 cm (6.67 inch) Display64MP + 8MP + 2MP | 16MP Front Camera5000 mAh BatteryDimensity D8300 Ultra Processor1 Year Manufacturer Warranty for Phone and 6 Months Warranty for In the Box Accessories
301,"('POCO X6 Pro 5G (Spectre Black, 512 GB)',)","₹32,999",4.3,12 GB RAM | 512 GB ROM16.94 cm (6.67 inch) Display64MP + 8MP + 2MP | 16MP Front Camera5000 mAh BatteryDimensity D8300 Ultra Processor1 Year Manufacturer Warranty for Phone and 6 Months Warranty for In the Box Accessories
302,"('POCO X6 Pro 5G (Racing Grey, 512 GB)',)","₹32,999",4.3,12 GB RAM | 512 GB ROM16.94 cm (6.67 inch) Display64MP + 8MP + 2MP | 16MP Front Camera5000 mAh BatteryDimensity D8300 Ultra Processor1 Year Manufacturer Warranty for Phone and 6 Months Warranty for In the Box Accessories
303,"('OnePlus Nord 3 5G (Tempest Gray, 128 GB)',)","₹33,999",4.3,8 GB RAM | 128 GB ROM17.12 cm (6.74 inch) Full HD+ Display50MP Rear Camera5000 mAh BatteryDomestic 1 Year of Device & 6 Months for In-Box Accessories
304,"('Nothing Phone (2a) 5G (Blue, 256 GB)',)","₹27,999",4.4,8 GB RAM | 256 GB ROM17.02 cm (6.7 inch) Full HD+ Display50MP (OIS) + 50MP | 32MP Front Camera5000 mAh BatteryDimensity 7200 Pro Processor1 Year Manufacturing Warranty
305,"('REDMI Note 13 Pro 5G (Coral Purple, 128 GB)',)","₹28,999",4.3,8 GB RAM | 128 GB ROM16.94 cm (6.67 inch) Display200MP (OIS) + 8MP + 2MP | 16MP Front Camera5100 mAh Battery7s Gen 2 Mobile Platform 5G Processor1 Year Manufacturer Warranty for Phone and 6 Months Warranty for In the Box Accessories
306,"('OnePlus Nord 3 5G (Misty Green, 128 GB)',)","₹33,999",4.3,8 GB RAM | 128 GB ROM17.12 cm (6.74 inch) Display50MP Rear Camera5000 mAh BatteryDomestic 1 Year of Device & 6 Months for In-Box Accessories
307,"('Infinix GT 20 Pro (Mecha Blue, 256 GB)',)","₹34,999",4.3,12 GB RAM | 256 GB ROM17.22 cm (6.78 inch) Full HD+ Display108MP (OIS) + 2MP + 2MP | 32MP Front Camera5000 mAh BatteryDimensity 8200 Ultimate Processor1 Year Warranty
308,"('Infinix GT 20 Pro (Mecha Orange, 256 GB)',)","₹34,999",4.3,12 GB RAM | 256 GB ROM17.22 cm (6.78 inch) Full HD+ Display108MP (OIS) + 2MP + 2MP | 32MP Front Camera5000 mAh BatteryDimensity 8200 Ultimate Processor1 Year Warranty
309,"('realme Narzo 70 Pro 5G (Glass Gold, 256 GB)',)","₹26,999",4.3,8 GB RAM | 256 GB ROM16.94 cm (6.67 inch) Display50MP Rear Camera5000 mAh Battery1 Year Domestic Warranty for Phone and 6 Months Warranty for In-Box Accessories
310,"('REDMI Note 13 Pro 5G (Midnight Black, 128 GB)',)","₹28,999",4.3,8 GB RAM | 128 GB ROM16.94 cm (6.67 inch) Display200MP (OIS) + 8MP + 2MP | 16MP Front Camera5100 mAh Battery7s Gen 2 Mobile Platform 5G Processor1 Year Manufacturer Warranty for Phone and 6 Months Warranty for In the Box Accessories
311,"('realme Narzo 70 Pro 5G (Glass Green, 256 GB)',)","₹26,999",4.3,8 GB RAM | 256 GB ROM16.94 cm (6.67 inch) Display50MP Rear Camera5000 mAh Battery1 Year Domestic Warranty for Phone and 6 Months Warranty for In-Box Accessories
312,"('vivo T2 Pro 5G (Dune Gold, 256 GB)',)","₹27,999",4.5,8 GB RAM | 256 GB ROM17.22 cm (6.78 inch) Full HD+ Display64MP + 2MP | 16MP Front Camera4600 mAh BatteryDimensity 7200 Processor1 Year Manufacturer Warranty for Phone and 6 Months Warranty for In the Box Accessories
313,"('vivo T2 Pro 5G (New Moon Black, 256 GB)',)","₹27,999",4.5,8 GB RAM | 256 GB ROM17.22 cm (6.78 inch) Full HD+ Display64MP + 2MP | 16MP Front Camera4600 mAh BatteryDimensity 7200 Processor1 Year Manufacturer Warranty for Phone and 6 Months Warranty for In the Box Accessories
314,"('vivo T2 Pro 5G (New Moon Black, 128 GB)',)","₹26,999",4.5,8 GB RAM | 128 GB ROM17.22 cm (6.78 inch) Full HD+ Display64MP + 2MP | 16MP Front Camera4600 mAh BatteryDimensity 7200 Processor1 Year Manufacturer Warranty for Phone and 6 Months Warranty for In the Box Accessories
315,"('Nothing Phone (2a) 5G (Black, 256 GB)',)","₹29,999",4.4,12 GB RAM | 256 GB ROM17.02 cm (6.7 inch) Full HD+ Display50MP (OIS) + 50MP | 32MP Front Camera5000 mAh BatteryDimensity 7200 Pro Processor1 Year Manufacturing Warranty
316,"('Nothing Phone (2a) 5G (White, 256 GB)',)","₹29,999",4.4,12 GB RAM | 256 GB ROM17.02 cm (6.7 inch) Full HD+ Display50MP (OIS) + 50MP | 32MP Front Camera5000 mAh BatteryDimensity 7200 Pro Processor1 Year Manufacturing Warranty
317,"('Nothing Phone (2a) 5G (White, 256 GB)',)","₹27,999",4.4,8 GB RAM | 256 GB ROM17.02 cm (6.7 inch) Full HD+ Display50MP (OIS) + 50MP | 32MP Front Camera5000 mAh BatteryDimensity 7200 Pro Processor1 Year Manufacturing Warranty
318,"('Nothing Phone (2a) 5G (Black, 256 GB)',)","₹27,999",4.4,8 GB RAM | 256 GB ROM17.02 cm (6.7 inch) Full HD+ Display50MP (OIS) + 50MP | 32MP Front Camera5000 mAh BatteryDimensity 7200 Pro Processor1 Year Manufacturing Warranty
319,"('Nothing Phone (2a) 5G (Blue, 256 GB)',)","₹29,999",4.4,12 GB RAM | 256 GB ROM17.02 cm (6.7 inch) Full HD+ Display50MP (OIS) + 50MP | 32MP Front Camera5000 mAh BatteryDimensity 7200 Pro Processor1 Year Manufacturing Warranty
320,"('REDMI Note 13 Pro 5G (Coral Purple, 128 GB)',)","₹28,999",4.3,8 GB RAM | 128 GB ROM16.94 cm (6.67 inch) Display200MP (OIS) + 8MP + 2MP | 16MP Front Camera5100 mAh Battery7s Gen 2 Mobile Platform 5G Processor1 Year Manufacturer Warranty for Phone and 6 Months Warranty for In the Box Accessories
321,"('REDMI Note 13 Pro 5G (Midnight Black, 128 GB)',)","₹28,999",4.3,8 GB RAM | 128 GB ROM16.94 cm (6.67 inch) Display200MP (OIS) + 8MP + 2MP | 16MP Front Camera5100 mAh Battery7s Gen 2 Mobile Platform 5G Processor1 Year Manufacturer Warranty for Phone and 6 Months Warranty for In the Box Accessories
322,"('REDMI Note 13 Pro 5G (Arctic White, 128 GB)',)","₹28,999",4.3,8 GB RAM | 128 GB ROM16.94 cm (6.67 inch) Display200MP (OIS) + 8MP + 2MP | 16MP Front Camera5100 mAh Battery7s Gen 2 Mobile Platform 5G Processor1 Year Manufacturer Warranty for Phone and 6 Months Warranty for In the Box Accessories
323,"('realme 12 Pro 5G (Submarine Blue, 256 GB)',)","₹31,999",4.4,8 GB RAM | 256 GB ROM17.02 cm (6.7 inch) Full HD+ Display50MP + 8MP + 32MP | 16MP Front Camera5000 mAh BatterySnapdragon 6 Gen 1 Processor1 Year Manufacturer Warranty for Device and 6 Months Manufacturer Warranty for Inbox Accessories
324,"('realme 12 Pro 5G (Navigator Beige, 256 GB)',)","₹31,999",4.4,8 GB RAM | 256 GB ROM17.02 cm (6.7 inch) Full HD+ Display50MP + 8MP + 32MP | 16MP Front Camera5000 mAh BatterySnapdragon 6 Gen 1 Processor1 Year Manufacturer Warranty for Device and 6 Months Manufacturer Warranty for Inbox Accessories
325,"('OnePlus Nord CE4 (Dark Chrome, 256 GB)',)","₹26,999",4.5,8 GB RAM | 256 GB ROM17.02 cm (6.7 inch) Display50MP Rear Camera5500 mAh BatteryOxygenOS 14.0 ProcessorDomestic Warranty 1 Year For Handset And 6 month For Accessories.
326,"('POCO X6 Pro 5G (Yellow, 512 GB)',)","₹32,999",4.3,12 GB RAM | 512 GB ROM16.94 cm (6.67 inch) Display64MP + 8MP + 2MP | 16MP Front Camera5000 mAh BatteryDimensity D8300 Ultra Processor1 Year Manufacturer Warranty for Phone and 6 Months Warranty for In the Box Accessories
327,"('realme Narzo 70 Pro 5G (Glass Gold, 256 GB)',)","₹26,999",4.3,8 GB RAM | 256 GB ROM16.94 cm (6.67 inch) Display50MP Rear Camera5000 mAh Battery1 Year Domestic Warranty for Phone and 6 Months Warranty for In-Box Accessories
328,"('POCO X6 Pro 5G (Spectre Black, 512 GB)',)","₹32,999",4.3,12 GB RAM | 512 GB ROM16.94 cm (6.67 inch) Display64MP + 8MP + 2MP | 16MP Front Camera5000 mAh BatteryDimensity D8300 Ultra Processor1 Year Manufacturer Warranty for Phone and 6 Months Warranty for In the Box Accessories
329,"('POCO X6 Pro 5G (Racing Grey, 512 GB)',)","₹32,999",4.3,12 GB RAM | 512 GB ROM16.94 cm (6.67 inch) Display64MP + 8MP + 2MP | 16MP Front Camera5000 mAh BatteryDimensity D8300 Ultra Processor1 Year Manufacturer Warranty for Phone and 6 Months Warranty for In the Box Accessories
330,"('realme Narzo 70 Pro 5G (Glass Green, 256 GB)',)","₹26,999",4.3,8 GB RAM | 256 GB ROM16.94 cm (6.67 inch) Display50MP Rear Camera5000 mAh Battery1 Year Domestic Warranty for Phone and 6 Months Warranty for In-Box Accessories
331,"('Nothing Phone (2a) 5G (Blue, 256 GB)',)","₹27,999",4.4,8 GB RAM | 256 GB ROM17.02 cm (6.7 inch) Full HD+ Display50MP (OIS) + 50MP | 32MP Front Camera5000 mAh BatteryDimensity 7200 Pro Processor1 Year Manufacturing Warranty
332,"('Infinix GT 20 Pro (Mecha Orange, 256 GB)',)","₹34,999",4.3,12 GB RAM | 256 GB ROM17.22 cm (6.78 inch) Full HD+ Display108MP (OIS) + 2MP + 2MP | 32MP Front Camera5000 mAh BatteryDimensity 8200 Ultimate Processor1 Year Warranty
333,"('Infinix GT 20 Pro (Mecha Blue, 256 GB)',)","₹34,999",4.3,12 GB RAM | 256 GB ROM17.22 cm (6.78 inch) Full HD+ Display108MP (OIS) + 2MP + 2MP | 32MP Front Camera5000 mAh BatteryDimensity 8200 Ultimate Processor1 Year Warranty
334,"('OnePlus Nord 3 5G (Misty Green, 128 GB)',)","₹33,999",4.3,8 GB RAM | 128 GB ROM17.12 cm (6.74 inch) Display50MP Rear Camera5000 mAh BatteryDomestic 1 Year of Device & 6 Months for In-Box Accessories
335,"('REDMI Note 13 Pro 5G (Coral Purple, 256 GB)',)","₹30,999",4.3,8 GB RAM | 256 GB ROM16.94 cm (6.67 inch) Display200MP (OIS) + 8MP + 2MP | 16MP Front Camera5100 mAh Battery7s Gen 2 Mobile Platform 5G Processor1 Year Manufacturer Warranty for Phone and 6 Months Warranty for In the Box Accessories
336,"('vivo T2 Pro 5G (Dune Gold, 256 GB)',)","₹27,999",4.5,8 GB RAM | 256 GB ROM17.22 cm (6.78 inch) Full HD+ Display64MP + 2MP | 16MP Front Camera4600 mAh BatteryDimensity 7200 Processor1 Year Manufacturer Warranty for Phone and 6 Months Warranty for In the Box Accessories
337,"('vivo T2 Pro 5G (New Moon Black, 256 GB)',)","₹27,999",4.5,8 GB RAM | 256 GB ROM17.22 cm (6.78 inch) Full HD+ Display64MP + 2MP | 16MP Front Camera4600 mAh BatteryDimensity 7200 Processor1 Year Manufacturer Warranty for Phone and 6 Months Warranty for In the Box Accessories
338,"('vivo T2 Pro 5G (New Moon Black, 128 GB)',)","₹26,999",4.5,8 GB RAM | 128 GB ROM17.22 cm (6.78 inch) Full HD+ Display64MP + 2MP | 16MP Front Camera4600 mAh BatteryDimensity 7200 Processor1 Year Manufacturer Warranty for Phone and 6 Months Warranty for In the Box Accessories
339,"('Nothing Phone (2a) 5G (Black, 256 GB)',)","₹29,999",4.4,12 GB RAM | 256 GB ROM17.02 cm (6.7 inch) Full HD+ Display50MP (OIS) + 50MP | 32MP Front Camera5000 mAh BatteryDimensity 7200 Pro Processor1 Year Manufacturing Warranty
340,"('Nothing Phone (2a) 5G (White, 256 GB)',)","₹29,999",4.4,12 GB RAM | 256 GB ROM17.02 cm (6.7 inch) Full HD+ Display50MP (OIS) + 50MP | 32MP Front Camera5000 mAh BatteryDimensity 7200 Pro Processor1 Year Manufacturing Warranty
341,"('Nothing Phone (2a) 5G (Black, 256 GB)',)","₹27,999",4.4,8 GB RAM | 256 GB ROM17.02 cm (6.7 inch) Full HD+ Display50MP (OIS) + 50MP | 32MP Front Camera5000 mAh BatteryDimensity 7200 Pro Processor1 Year Manufacturing Warranty
342,"('Nothing Phone (2a) 5G (White, 256 GB)',)","₹27,999",4.4,8 GB RAM | 256 GB ROM17.02 cm (6.7 inch) Full HD+ Display50MP (OIS) + 50MP | 32MP Front Camera5000 mAh BatteryDimensity 7200 Pro Processor1 Year Manufacturing Warranty
343,"('Nothing Phone (2a) 5G (Blue, 256 GB)',)","₹29,999",4.4,12 GB RAM | 256 GB ROM17.02 cm (6.7 inch) Full HD+ Display50MP (OIS) + 50MP | 32MP Front Camera5000 mAh BatteryDimensity 7200 Pro Processor1 Year Manufacturing Warranty
344,"('REDMI Note 13 Pro 5G (Arctic White, 128 GB)',)","₹28,999",4.3,8 GB RAM | 128 GB ROM16.94 cm (6.67 inch) Display200MP (OIS) + 8MP + 2MP | 16MP Front Camera5100 mAh Battery7s Gen 2 Mobile Platform 5G Processor1 Year Manufacturer Warranty for Phone and 6 Months Warranty for In the Box Accessories
345,"('realme 12 Pro 5G (Submarine Blue, 256 GB)',)","₹31,999",4.4,8 GB RAM | 256 GB ROM17.02 cm (6.7 inch) Full HD+ Display50MP + 8MP + 32MP | 16MP Front Camera5000 mAh BatterySnapdragon 6 Gen 1 Processor1 Year Manufacturer Warranty for Device and 6 Months Manufacturer Warranty for Inbox Accessories
346,"('realme 12 Pro 5G (Navigator Beige, 256 GB)',)","₹31,999",4.4,8 GB RAM | 256 GB ROM17.02 cm (6.7 inch) Full HD+ Display50MP + 8MP + 32MP | 16MP Front Camera5000 mAh BatterySnapdragon 6 Gen 1 Processor1 Year Manufacturer Warranty for Device and 6 Months Manufacturer Warranty for Inbox Accessories
347,"('OnePlus Nord CE4 (Dark Chrome, 256 GB)',)","₹26,999",4.5,8 GB RAM | 256 GB ROM17.02 cm (6.7 inch) Display50MP Rear Camera5500 mAh BatteryOxygenOS 14.0 ProcessorDomestic Warranty 1 Year For Handset And 6 month For Accessories.
348,"('POCO X6 Pro 5G (Yellow, 512 GB)',)","₹32,999",4.3,12 GB RAM | 512 GB ROM16.94 cm (6.67 inch) Display64MP + 8MP + 2MP | 16MP Front Camera5000 mAh BatteryDimensity D8300 Ultra Processor1 Year Manufacturer Warranty for Phone and 6 Months Warranty for In the Box Accessories
349,"('POCO X6 Pro 5G (Spectre Black, 512 GB)',)","₹32,999",4.3,12 GB RAM | 512 GB ROM16.94 cm (6.67 inch) Display64MP + 8MP + 2MP | 16MP Front Camera5000 mAh BatteryDimensity D8300 Ultra Processor1 Year Manufacturer Warranty for Phone and 6 Months Warranty for In the Box Accessories
350,"('POCO X6 Pro 5G (Racing Grey, 512 GB)',)","₹32,999",4.3,12 GB RAM | 512 GB ROM16.94 cm (6.67 inch) Display64MP + 8MP + 2MP | 16MP Front Camera5000 mAh BatteryDimensity D8300 Ultra Processor1 Year Manufacturer Warranty for Phone and 6 Months Warranty for In the Box Accessories
351,"('OnePlus Nord 3 5G (Tempest Gray, 128 GB)',)","₹33,999",4.3,8 GB RAM | 128 GB ROM17.12 cm (6.74 inch) Full HD+ Display50MP Rear Camera5000 mAh BatteryDomestic 1 Year of Device & 6 Months for In-Box Accessories
352,"('Nothing Phone (2a) 5G (Blue, 256 GB)',)","₹27,999",4.4,8 GB RAM | 256 GB ROM17.02 cm (6.7 inch) Full HD+ Display50MP (OIS) + 50MP | 32MP Front Camera5000 mAh BatteryDimensity 7200 Pro Processor1 Year Manufacturing Warranty
353,"('REDMI Note 13 Pro 5G (Coral Purple, 128 GB)',)","₹28,999",4.3,8 GB RAM | 128 GB ROM16.94 cm (6.67 inch) Display200MP (OIS) + 8MP + 2MP | 16MP Front Camera5100 mAh Battery7s Gen 2 Mobile Platform 5G Processor1 Year Manufacturer Warranty for Phone and 6 Months Warranty for In the Box Accessories
354,"('OnePlus Nord 3 5G (Misty Green, 128 GB)',)","₹33,999",4.3,8 GB RAM | 128 GB ROM17.12 cm (6.74 inch) Display50MP Rear Camera5000 mAh BatteryDomestic 1 Year of Device & 6 Months for In-Box Accessories
355,"('Infinix GT 20 Pro (Mecha Blue, 256 GB)',)","₹34,999",4.3,12 GB RAM | 256 GB ROM17.22 cm (6.78 inch) Full HD+ Display108MP (OIS) + 2MP + 2MP | 32MP Front Camera5000 mAh BatteryDimensity 8200 Ultimate Processor1 Year Warranty
356,"('Infinix GT 20 Pro (Mecha Orange, 256 GB)',)","₹34,999",4.3,12 GB RAM | 256 GB ROM17.22 cm (6.78 inch) Full HD+ Display108MP (OIS) + 2MP + 2MP | 32MP Front Camera5000 mAh BatteryDimensity 8200 Ultimate Processor1 Year Warranty
357,"('realme Narzo 70 Pro 5G (Glass Gold, 256 GB)',)","₹26,999",4.3,8 GB RAM | 256 GB ROM16.94 cm (6.67 inch) Display50MP Rear Camera5000 mAh Battery1 Year Domestic Warranty for Phone and 6 Months Warranty for In-Box Accessories
358,"('REDMI Note 13 Pro 5G (Midnight Black, 128 GB)',)","₹28,999",4.3,8 GB RAM | 128 GB ROM16.94 cm (6.67 inch) Display200MP (OIS) + 8MP + 2MP | 16MP Front Camera5100 mAh Battery7s Gen 2 Mobile Platform 5G Processor1 Year Manufacturer Warranty for Phone and 6 Months Warranty for In the Box Accessories
359,"('realme Narzo 70 Pro 5G (Glass Green, 256 GB)',)","₹26,999",4.3,8 GB RAM | 256 GB ROM16.94 cm (6.67 inch) Display50MP Rear Camera5000 mAh Battery1 Year Domestic Warranty for Phone and 6 Months Warranty for In-Box Accessories
